Calvin	T.	Luffman	8503 Morton Street	Central Square	New York	13036	cLuffman@sharewaredevelopers.com
Queen	E.	Eastridge	7741 Albee Square	Litchfield	California	96117	qEastridge@hotmail.com
Orlando	Q.	Volo	3201 McKibbin Street	Carolina	Puerto Rico	984	oVolo@mailboom.com
Gayla	R.	Fogerty	6132 Dunne Court	Florence	Missouri	65329	gFogerty@conok.com
Gary	R.	Stockmaster	6942 Hall Street	Harleigh	Pennsylvania	18225	gStockmaster@juniormail.com
Linda	J.	Cosselman	4103 Midwood Street	Los Angeles	California	90020	lCosselman@ignmail.com
Alvaro	P.	Baldy	7644 Schweikerts Walk	Papaaloa	Hawaii	96780	aBaldy@naplesnews.net
Larissa	I.	Reino	6061 Hendrickson Street	New Kensington	Pennsylvania	15068	lReino@msgbox.com
Joel	A.	Pali	5635 Bay Ridge Parkway	Centerville	Massachusetts	2632	jPali@officedomain.com
Cathrine	Y.	Whatcott	2849 Post Court	Bailey	Texas	75413	cWhatcott@money.net
Dana	Q.	Kellis	5019 Ludlam Place	Stewartstown	Pennsylvania	17363	dKellis@rvshop.com
Lillie	L.	Sinkfield	8053 Grand Avenue	Erhard	Minnesota	56534	lSinkfield@freemail.com.au
Emory	B.	Ramire	9097 Weirfield Street	Tucson	Arizona	85723	eRamire@bboy.zzn.com
Rita	A.	Castell	8554 Rose Street	Austwell	Texas	77950	rCastell@dawnsonmail.com
Steve	D.	Schiffman	5753 Brighton 11th Street	Topawa	Arizona	85639	sSchiffman@yahoo.com
Jenifer	S.	Sucher	7956 Hausman Street	Memphis	Tennessee	38128	jSucher@topchat.com
Frankie	G.	Sager	8643 Brighton 1st Place	Akutan	Alaska	99553	fSager@law.com
Kristen	E.	Roysden	9160 Sandford Street	Copper Hill	Virginia	24079	kRoysden@wrestlingpages.com
Stacy	W.	Scarbro	5944 Billings Place	Madison	Wisconsin	53794	sScarbro@stones.com
Jeanne	O.	Lipp	8625 Dooley Street	Bunn	North Carolina	27508	jLipp@ghostmail.com
Erich	E.	Prindall	3689 Taylor Street	Callery	Pennsylvania	16024	ePrindall@naplesnews.net
Anna	E.	Madry	4160 New Jersey Avenue	Somerset	Pennsylvania	15510	aMadry@rocketmail.com
Salvador	I.	Cotham	2671 Brighton 7th Street	Ventura	California	93004	sCotham@byteme.com
Celia	T.	Scaringe	7133 Stillwell's Place	Red Boiling Springs	Tennessee	37150	cScaringe@army.net
Fletcher	E.	Breau	7671 Tiffany Place	Fairfax	Virginia	22034	fBreau@nchoicemail.com
Penny	K.	Fosse	3942 Varanda Place	New Braintree	Massachusetts	1531	pFosse@bitmail.com
Guillermo	W.	Wadden	604 Baycliff Terrace	Rockville	Missouri	64780	gWadden@planetearthinter.net
Araceli	O.	Sella	8050 Albemarle Road	Evans	Louisiana	70639	aSella@edmail.com
Xavier	C.	Maybin	5294 Ocean Avenue	Millerton	New York	12546	xMaybin@virtualactive.com
Lily	O.	Salem	7129 Brighton 6th Court	Minneapolis	Minnesota	55479	lSalem@crosshairs.com
Harlan	O.	Naqvi	3934 Commerce Street	Western Springs	Illinois	60558	hNaqvi@popaccount.com
Doretha	V.	Condo	6873 Roebling Street	Dupo	Illinois	62270	dCondo@planetaccess.com
Gaston	V.	Genrich	3107 Varanda Place	Antioch	California	94509	gGenrich@xoommail.com
Delia	C.	Sample	3966 Williams Court	Montrose	West Virginia	26283	dSample@ilovejesus.com
Joaquin	F.	Ewalt	4928 Melba Court	Frewsburg	New York	14738	jEwalt@freeaccount.com
Catherine	Y.	Regalado	1735 Avenue R	Pentress	West Virginia	26544	cRegalado@duno.com
Carey	I.	Penalosa	8263 St Edwards Street	New York	New York	10015	cPenalosa@advalvas.be
Nanette	G.	Kaster	2770 Van Sinderen Avenue	Regina	Kentucky	41559	nKaster@mailpost.zzn.com
Cruz	A.	Levangie	4536 Park Place	Anderson	Indiana	46011	cLevangie@casino.com
Crystal	R.	Neuenfeldt	6725 Nixon Court	Grand Rapids	Michigan	49599	cNeuenfeldt@ecompare.com
Foster	M.	Giannetto	8610 Riverdale Avenue	Goodells	Michigan	48027	fGiannetto@unbounded.com
Lillie	B.	Prusha	9517 Glen Street	Robert Lee	Texas	76945	lPrusha@m4.org
Andres	X.	Seuell	7197 Brighton 3rd Court	Weymouth	Massachusetts	2191	aSeuell@bannertown.net
Barbra	A.	Desgroseillie	5934 Box Street	Phoenix	Arizona	85031	bDesgroseillie@geeklife.com
Kenton	V.	Hawkin	2884 Albee Square	Buena Vista	Virginia	24416	kHawkin@talkcity.com
Gwen	K.	Premeaux	1915 Canarsie Road	La Salle	Minnesota	56056	gPremeaux@grabmail.com
Edwin	N.	Breece	5858 Hornell Loop	Dillon	Montana	59725	eBreece@nicebush.com
Natasha	O.	Daisy	7208 Shell Road	Rogersville	Pennsylvania	15359	nDaisy@starting-point.com
Marcos	O.	Berrios	2040 Eckford Street	Nimrod	Minnesota	56478	mBerrios@gtemail.net
Marybeth	O.	Dibartolo	6199 Baycliff Terrace	Melrose	Iowa	52569	mDibartolo@i-connect.com
Vernon	M.	Schull	9729 Barlow Drive	Blue Mound	Kansas	66010	vSchull@bimamail.com
Elnora	M.	Leviton	5142 Cooke Court	Hiland	Wyoming	82638	eLeviton@foodmail.com
Glen	N.	Fineran	6858 Turner Place	Houston	Texas	77222	gFineran@netscape.net
Heather	F.	Khang	7647 Madison Street	Los Angeles	California	90077	hKhang@netmanor.com
Irving	S.	Teskey	3333 Avenue T	Exira	Iowa	50076	iTeskey@jump.com
May	W.	Wehn	8910 Calyer Street	Aransas Pass	Texas	78335	mWehn@uswestmail.net
Cruz	X.	Girote	4061 Manor Court	New Harmony	Utah	84757	cGirote@edmail.com
Beatrice	R.	Bourn	6845 Montgomery Street	Central City	Pennsylvania	15926	bBourn@conk.com
Hong	C.	Ging	7111 Imlay Street	La Villa	Texas	78562	hGing@byteme.com
Elise	Q.	Schain	8958 Farragut Road	Pawnee	Texas	78145	eSchain@free-org.com
Al	A.	Mattlin	4780 Cadman Plaza	South Range	Wisconsin	54874	aMattlin@singpost.com
Shana	O.	Jitchaku	9690 Beach 49th Street	Sulphur Rock	Arkansas	72579	sJitchaku@members.student.com
Bradford	K.	Obst	2477 Schenck Street	Bonita	California	91908	bObst@mail1st.com
Delma	H.	Bourgoin	8017 Sedgwick Place	Reno	Nevada	89512	dBourgoin@rocketmail.com
Salvatore	Y.	Texeira	2352 Gunther Place	Noble	Oklahoma	73068	sTexeira@votenet.com
Michell	R.	Lafferty	3704 Pierrepont Place	Charlotte	North Carolina	28229	mLafferty@angelfire.com
Arron	D.	Sebold	1906 Newport Street	Beech Bottom	West Virginia	26030	aSebold@england.com
Katy	X.	Laforrest	7294 Washington Walk	Philadelphia	Pennsylvania	19148	kLaforrest@yourname.freeservers.com
Thanh	A.	Scuderi	1778 Westminster Road	Geraldine	Alabama	35974	tScuderi@onvillage.com
Mindy	V.	Ochoa	2168 Ash Street	Mollusk	Virginia	22517	mOchoa@fastermail.com
Renato	C.	Saniatan	5472 Debevoise Avenue	Arizona City	Arizona	85223	rSaniatan@upf.org
Lydia	K.	Mccollins	5896 Brighton 1st Court	Hagerstown	Maryland	21749	lMccollins@usmc.net
Duane	I.	Viets	9488 Bay Ridge Avenue	Huntington	Vermont	5462	dViets@joinme.com
Shanna	L.	Willging	6459 Waverly Avenue	Gypsy	West Virginia	26361	sWillging@postmark.net
Mariano	R.	Soto	5757 Washington Avenue	Westbury	New York	11597	mSoto@fiberia.com
Marietta	A.	Kaniewski	1590 Ridgecrest Terrace	San Antonio	Texas	78299	mKaniewski@etrademail.com
Santos	W.	Torris	536 Bay 43rd Street	Mattapan	Massachusetts	2126	sTorris@surfy.net
Lacey	O.	Exum	8122 Spencer Place	Berino	New Mexico	88024	lExum@cyber4all.com
Frederick	W.	Ludvigson	5039 Grand Street	Bingham	Maine	4920	fLudvigson@ausi.com
Socorro	D.	Vittone	7071 President Street	Kelliher	Minnesota	56650	sVittone@acmecity.com
Vince	K.	Dannhaus	2881 Bay Avenue	Brodhead	Kentucky	40469	vDannhaus@nafe.com
Constance	M.	Byker	637 Dearborn Court	Hitchins	Kentucky	41146	cByker@cybergrrl.com
Millard	O.	Smith	182 Cozine Avenue	Anton	Colorado	80801	mSmith@dwp.net
Jana	J.	Claypoole	4069 Menahan Street	Newark	Delaware	19726	jClaypoole@richmondhill.com
Rich	C.	Patee	4129 Polhemus Place	Bryan	Texas	77808	rPatee@kozmail.com
Claire	X.	Lipp	7549 Lexington Avenue	Lemon Grove	California	91946	cLipp@billsfan.net
Robert	N.	Johansen	5328 Ovington Avenue	Bloomington	Wisconsin	53804	rJohansen@digibel.be
Cruz	E.	Roden	5935 Sumner Place	Tucson	Arizona	85744	cRoden@stones.com
Noe	O.	Durdy	5089 Maple Street	Titus	Alabama	36080	nDurdy@backpackers.com
Katharine	U.	Croslin	4504 Colonial Court	Coatsburg	Illinois	62325	kCroslin@ratt-n-roll.com
Roland	A.	Hasty	7459 Burnett Street	Samburg	Tennessee	38254	rHasty@lycosemail.com
Teresa	C.	Dilmore	7287 Dover Street	Plankinton	South Dakota	57368	tDilmore@unomail.com
Adrian	A.	Pillitteri	2691 Marine Avenue	Crestline	Ohio	44827	aPillitteri@yahoo.com
Marissa	R.	Garvie	9165 Walker Court	La Porte	Indiana	46350	mGarvie@planetarymotion.net
Adolph	R.	Talty	9844 Clara Street	Santa Barbara	California	93109	aTalty@gigileung.org
Tamika	L.	Lorenz	3159 Beach 48th Street	Walden	New York	12586	tLorenz@buyersusa.com
Tuan	R.	Panelli	2361 Dictum Court	Lucernemines	Pennsylvania	15754	tPanelli@singpost.com
Latisha	P.	Juvera	6078 Batchelder Street	Sedan	Kansas	67435	lJuvera@churchusa.com
Andy	Q.	Decena	5145 Bay 31st Street	Pittsburgh	Pennsylvania	15266	aDecena@mail.freetown.com
Maudie	A.	Freiler	7371 Knapp Street	Poland	Maine	4274	mFreiler@dawnsonmail.com
Claudio	P.	Olszowka	8936 Beach 43rd Street	Wharncliffe	West Virginia	25651	cOlszowka@youvegotmail.net
Kate	A.	Deppert	2205 Bay 31st Street	Alexandria	Virginia	22310	kDeppert@mail.freetown.com
Timothy	A.	Yeates	3305 Devon Avenue	San Francisco	California	94104	tYeates@dawnsonmail.com
Vernice	F.	Britson	1448 Stonewall Jackson Drive	Homer	Minnesota	55942	vBritson@naui.net
Huey	P.	Hwang	5784 Owls Head Court	Hollenberg	Kansas	66946	hHwang@ID-base.com
Rosario	V.	Zaldana	5638 Wythe Avenue	Kirklin	Indiana	46050	rZaldana@cuemail.com
Herman	X.	Burow	2869 Joralemon Street	Marshall	Minnesota	56258	hBurow@teamdiscovery.com
Amber	N.	Frizzell	1928 Park Cir	Packwaukee	Wisconsin	53953	aFrizzell@insidebaltimore.net
Elbert	F.	Senechal	8507 Suydam Street	Young America	Minnesota	55573	eSenechal@cybergrrl.com
Bonita	B.	Stockner	1384 Mill Road	Draper	Virginia	24324	bStockner@cheyenneweb.com
Elden	I.	Ahlin	3977 Bryant Street	Bloomfield	Missouri	63825	eAhlin@foodmail.com
Lillian	T.	Sherk	9565 Beach 50th Street	Buckeye	Arizona	85326	lSherk@nandomail.com
Rich	F.	Trigueiro	6279 Berriman Street	Little Black	Wisconsin	54431	rTrigueiro@angelfire.com
Stacie	V.	Hassett	2268 Walsh Court	Williston	North Dakota	58801	sHassett@uymail.com
Agustin	F.	Smola	8277 Revere Place	Pawhuska	Oklahoma	74056	aSmola@pathfindermail.com
Pilar	U.	Phillips	6245 Bay 10th Street	Fort Kent Mills	Maine	4744	pPhillips@mikrotamanet.com
Rupert	Y.	Yoss	3124 Moultrie Street	Welsh	Louisiana	70591	rYoss@dunlopdriver.com
Louise	D.	Wiggens	4130 Coleman Street	Helena	Montana	59602	lWiggens@wowmail.com
Don	O.	Trupp	7868 Brighton 2nd Lane	Tucson	Arizona	85712	dTrupp@go2.com.py
Reyna	J.	Rundlett	5233 Weldon Street	New Burnside	Illinois	62967	rRundlett@collectiblesuperstore.com
Jospeh	O.	Randall	4853 Seaview Gdns	Culdesac	Idaho	83534	jRandall@asiancityweb.com
Ernestina	U.	Phang	7339 Warsoff Place	Chicago	Illinois	60681	ePhang@visitweb.com
Rashad	T.	Mckellan	2366 Lombardy Street	Brookeville	Maryland	20833	rMckellan@gmx.de
Hillary	V.	Pallett	9270 Canton Court	Las Vegas	Nevada	89122	hPallett@freestamp.com
Norman	H.	Vivenzio	8206 Stone Avenue	Brundidge	Alabama	36010	nVivenzio@flashemail.com
Erma	P.	Draghi	7383 Robert Street	Chicago	Illinois	60644	eDraghi@graffiti.net
Heath	O.	Myracle	6135 Avenue U	Rome	Illinois	61562	hMyracle@asean-mail.com
Robin	V.	Ashalintubbi	9123 Dennett Place	Livermore	Maine	4253	rAshalintubbi@toolsource.com
Alfredo	B.	Mceniry	5280 Kingsborough 7th Walk	Berwick	Illinois	61417	aMceniry@singpost.com
Allison	N.	Rehfeldt	8488 Douglass Street	Salt Flat	Texas	79847	aRehfeldt@ghanamail.com
Quintin	B.	Halfmann	4285 Hope Street	Tuscumbia	Alabama	35674	qHalfmann@talk21.com
Rosie	D.	Emanuelson	8572 Brighton 11th Street	Mount Meigs	Alabama	36057	rEmanuelson@mailboom.com
Darrin	V.	Travieso	6320 Paerdegat 7th Street	Hackensack	New Jersey	7602	dTravieso@nchoicemail.com
Pamela	B.	Canion	9597 Wakeman Place	Unionville	Michigan	48767	pCanion@pagons.org
Jim	Y.	Odle	5911 Shore Road Lane	Minneapolis	Minnesota	55407	jOdle@oldies104mail.com
Chelsey	X.	Garr	7024 Brighton 4th Terrace	Pell Lake	Wisconsin	53157	cGarr@worldmailer.com
Kraig	A.	Garreh	2051 Kensington Walk	Cleveland	Texas	77328	kGarreh@happypuppy.com
Hollie	Y.	Deuell	9819 Perry Place	Belgrade	Missouri	63622	hDeuell@ksee24mail.com
Dino	P.	Witherow	9943 Moore Place	Santa Fe	Texas	77517	dWitherow@edmail.com
Leanna	Y.	Gsell	7627 Georgia Avenue	Rosalie	Nebraska	68055	lGsell@iowaemail.com
Willard	A.	Mazy	383 Noll Street	Lansing	Michigan	48918	wMazy@cuemail.com
Sierra	T.	Bub	7455 Perry Terrace	Stowe	Vermont	5672	sBub@mailcc.com
Gilbert	X.	Vanderloo	1014 Kiely Place	Craigmont	Idaho	83523	gVanderloo@888.nu
Jacklyn	G.	Shorrock	8560 Brooklyn Road	Great Bend	North Dakota	58039	jShorrock@dunloprider.com
Elvis	B.	Senno	4840 Bay 44th Street	Lillington	North Carolina	27546	eSenno@fullmail.com
Chong	G.	Presby	3214 Meeker Avenue	Lansing	New York	14882	cPresby@virtualactive.com
Jorge	L.	Kriege	2376 Avenue O	Elgin	North Dakota	58533	jKriege@foodmail.com
Jaclyn	X.	Mcclerkin	728 Brighton 4th Court	Kingston	Washington	98346	jMcclerkin@cornells.com
Willie	E.	Wachtel	3116 Wyckoff Street	Wing	North Dakota	58494	wWachtel@acmecity.com
Graciela	M.	Bunn	7466 Roosevelt Place	Byron	Georgia	31008	gBunn@jaydemail.com
Adalberto	P.	Ridges	6217 Cook Street	Oxford	Iowa	52322	aRidges@iowaemail.com
Frances	X.	Schleider	5171 Holt Court	Lansford	North Dakota	58750	fSchleider@softhome.net
Mitchell	L.	Catan	9960 Middleton Street	Galivants Ferry	South Carolina	29544	mCatan@nimail.com
Dalia	I.	Hallford	7591 Bulwer Place	Watertown	Connecticut	6795	dHallford@homeworkcentral.com
Tad	D.	Durell	883 Kingsborough 4th Walk	Troy	West Virginia	26443	tDurell@passwordmail.com
Migdalia	V.	Mercuri	848 Malta Street	Zortman	Montana	59546	mMercuri@webinbox.com
Pat	Y.	Mcphearson	5876 Ashland Place	Swink	Oklahoma	74761	pMcphearson@theglobe.com
Justine	W.	Lennertz	5340 Middagh Street	Wasola	Missouri	65773	jLennertz@operamail.com
Randy	G.	Orwick	8886 Brighton 4 Place	Gervais	Oregon	97026	rOrwick@asean-mail.com
Lenore	L.	Mcgoey	3245 Bowne Street	Fairplay	Maryland	21733	lMcgoey@rediffmail.com
Demetrius	T.	Latina	3897 St Andrews Place	Edna	Kansas	67342	dLatina@ilovejesus.com
Jordan	H.	Mullendore	3891 Court Street	Richville	Michigan	48758	jMullendore@bla-bla.com
Warren	G.	Tangren	8532 Concord Street	Rosalia	Washington	99170	wTangren@cybertrains.org
Alba	O.	Pallares	8175 Irving Avenue	Sharptown	Maryland	21861	aPallares@abolition-now.com
Francis	Q.	Romash	7430 Fulton Street	Porter	Texas	77365	fRomash@justicemail.com
Pansy	R.	Soles	7579 Ryder Avenue	Morristown	Indiana	46161	pSoles@go2.com.py
Pete	A.	Schol	1337 Beach 40th Street	Langley	South Carolina	29834	pSchol@mailshuttle.com
Gabrielle	T.	Gastelum	4821 Bay 52nd Street	Palm Desert	California	92255	gGastelum@wptamail.com
Ferdinand	Q.	Townsley	1514 Canton Court	Oneida	Kansas	66522	fTownsley@deseretmail.com
Annabelle	A.	Rain	2879 Bay 48th Street	Concord	New Hampshire	3303	aRain@freemail.org.mk
Willian	C.	Gelfo	5930 Marconi Place	Falkville	Alabama	35622	wGelfo@england.com
Ladonna	N.	Stain	6869 Delmonico Place	Richardson	Texas	75085	lStain@headbone.com
Chung	A.	Brallier	7774 Oriental Boulevard	Lawrence	Kansas	66046	cBrallier@wongfaye.com
Ruthie	H.	Lines	2710 Thames Street	Hayden	Alabama	35079	rLines@mailpost.zzn.com
Elias	S.	Echevaria	5755 Wallabout Street	Waterville	Iowa	52170	eEchevaria@etrademail.com
Sabrina	D.	Liscomb	4760 St Andrews Place	Greensboro	North Carolina	27410	sLiscomb@rediffmail.com
Vince	L.	Deihl	1682 Agate Court	Fresno	California	93771	vDeihl@mikrotamanet.com
Laurel	X.	Kimpel	1777 Brighton 3rd Court	Heilwood	Pennsylvania	15745	lKimpel@net-pager.net
Jeramy	Q.	Witzke	8455 Legion Street	Concord	Vermont	5824	jWitzke@chickmail.com
Dona	M.	Bienenstock	7913 Wyona Street	New Haven	Ohio	44850	dBienenstock@talk21.com
Tracy	P.	Kratt	2296 General Lee Avenue	Goodspring	Tennessee	38460	tKratt@safarimail.com
Joni	N.	Zachman	7709 Brighton 1st Lane	Kenton	Ohio	43326	jZachman@doramail.com
Leon	D.	Wydeven	2059 Pine Street	Norwich	North Dakota	58768	lWydeven@fullmail.com
Colette	P.	Landfried	7774 Coney Island Avenue	Fort Worth	Texas	76192	cLandfried@post.cz
Hershel	P.	Laurenitis	9646 Coleridge Street	Zenia	California	95595	hLaurenitis@norikomail.com
Rose	I.	Petrulis	2274 Cranberry Street	Centralia	Illinois	62801	rPetrulis@milmail.com
Gus	O.	Alejo	9498 Navy Walk	Pasadena	California	91125	gAlejo@pcsrock.com
Haley	V.	Matott	105 St Johns Place	Burke	South Dakota	57523	hMatott@mail1st.com
Greg	R.	Sternberg	2710 Hoyts Lane	Chico	California	95976	gSternberg@ausi.com
Dottie	F.	Maranan	445 St Felix Street	Garrett	Wyoming	82058	dMaranan@123india.com
Cliff	Q.	Hoheisel	3337 Sheridan Avenue	Wakefield	Massachusetts	1880	cHoheisel@ilovethemovies.com
Corine	E.	Malec	5130 Grand Parents Avenue	Southmayd	Texas	76268	cMalec@mailwire.com
Dwayne	I.	Mulroy	7048 Brighton 1st Court	Avondale Estates	Georgia	30002	dMulroy@macbox.com
Jessica	S.	Hastert	8797 Adler Place	Schenectady	New York	12307	jHastert@xmastime.com
Geraldo	W.	Daves	1736 Cameron Court	Canutillo	Texas	79835	gDaves@bitmail.com
Jacquelyn	H.	Lamana	719 West Street	Magnolia	Illinois	61336	jLamana@geeklife.com
Roosevelt	P.	Canel	9358 Bay 47th Street	Fresno	California	93701	rCanel@finfin.com
Rafaela	S.	Piatak	1962 Ridge Boulevard	Oklahoma City	Oklahoma	73194	rPiatak@bombdiggity.com
Christoper	M.	Nordstrom	2516 Belmont Avenue	Arnaudville	Louisiana	70512	cNordstrom@hamptonroads.com
Leta	J.	Reibert	8573 Rugby Road	San Diego	California	92163	lReibert@looksmart.com.au
Rayford	G.	Leffert	7804 Jefferson Street	Hayneville	Alabama	36040	rLeffert@teamtulsa.net
Devon	Y.	Saulters	6626 Commercial Street	Arnett	Oklahoma	73832	dSaulters@easypost.com
Ashley	R.	Kleist	8613 Beaver Street	Cumberland	Virginia	23040	aKleist@swipermail.zzn.com
Jennifer	I.	Lincoln	247 Suydam Place	Mica	Washington	99023	jLincoln@gmx.de
Jerrold	H.	Nassef	5885 Bay 11th Street	Saint Louis	Missouri	63117	jNassef@i-connect.com
Alvina	H.	Shular	3449 Louisiana Avenue	Lynn	Massachusetts	1902	aShular@windrivers.net
Teddy	G.	Soula	4559 Bay 38th Street	Rock Falls	Iowa	50467	tSoula@rediffmail.com
Ericka	U.	Schooner	6545 Chester Avenue	Sacramento	California	95831	eSchooner@gonavy.net
Deangelo	Q.	Gudaitis	1096 Devon Avenue	Brooks	Kentucky	40109	dGudaitis@mail.kmsp.com
Pearlie	D.	Duchon	9576 Glendale Court	Ridgeville Corners	Ohio	43555	pDuchon@officedomain.com
Boyce	R.	Nitkowski	3937 Schweikerts Walk	Willis	Michigan	48191	bNitkowski@australia.edu
Esperanza	M.	Stierwalt	8626 Story Court	Salinas	California	93901	eStierwalt@ghostmail.com
Malik	V.	Schuller	1793 Woodpoint Road	Benton	Tennessee	37307	mSchuller@schizo.com
Virgie	Q.	Bascle	2982 Norman Avenue	Macon	Georgia	31205	vBascle@crosshairs.com
Blake	R.	Reischl	1050 Bay 43rd Street	Rockville	Maryland	20850	bReischl@mailcc.com
Sherrie	C.	Barsky	9464 Varick Avenue	Poplar Ridge	New York	13139	sBarsky@nandomail.com
Nelson	O.	Pendergast	194 Lacon Court	Clarendon	Pennsylvania	16313	nPendergast@planetaccess.com
Carrie	W.	Garbarini	5627 Frost Street	Lawrence	Massachusetts	1840	cGarbarini@communityconnect.com
Wilfredo	N.	Powelson	3844 Seaview Court	Tucson	Arizona	85737	wPowelson@linktrader.com
Johnnie	R.	Agar	1481 Eldert Street	Dos Rios	California	95429	jAgar@MailandNews.com
Barney	Q.	Bridges	9786 Walsh Court	Jamestown	New York	14701	bBridges@netradiomail.com
Odessa	C.	Ply	4203 Doughty Street	Los Angeles	California	90055	oPly@hypernautica.com
Horacio	L.	Emmons	1013 Bogart Street	Benoit	Mississippi	38725	hEmmons@unomail.com
Elva	J.	Betters	169 Beach 51st Street	Fort Littleton	Pennsylvania	17223	eBetters@iowaemail.com
Merrill	V.	Haas	2091 Schenck Street	Foothill Ranch	California	92610	mHaas@freemail.org.mk
Carrie	Y.	Selbo	1513 Front Street	Ashton	South Dakota	57424	cSelbo@schizo.com
Vince	F.	Michener	5924 Merit Court	Windsor	Massachusetts	1270	vMichener@jokes.com
Jimmie	J.	Cremona	6426 Nolans Lane	Auburn	California	95603	jCremona@rocketmail.com
Tyree	D.	Obst	232 Seaview Gdns	New York	New York	10090	tObst@zionweb.org
Zoe	Y.	Kosse	3428 Walworth Street	Annawan	Illinois	61234	zKosse@ParsMail.com
Dustin	V.	Mullen	4622 Doughty Street	Charlotte	North Carolina	28227	dMullen@i-connect.com
Sandra	W.	Fulwood	9142 Kings Hwy	Panacea	Florida	32346	sFulwood@email.com
Carter	Y.	Figueroa	855 Louise Terrace	Wichita	Kansas	67212	cFigueroa@fwnb.com
Tameka	G.	Myracle	2621 Portal Street	Omer	Michigan	48749	tMyracle@mauritius.com
Wallace	U.	Ernstes	1598 Schaefer Street	Fresno	California	93725	wErnstes@schizo.com
Janet	T.	Soliani	8960 Marshall Street	Blackstock	South Carolina	29014	jSoliani@hotepmail.com
Alphonso	O.	Lahay	838 Overbaugh Place	Lazbuddie	Texas	79053	aLahay@conok.com
Alisa	X.	Darity	5077 Poly Place	Castle Rock	Colorado	80108	aDarity@duno.com
Arturo	M.	Mulderig	5838 Forbell Street	Lubbock	Texas	79430	aMulderig@talk21.com
Portia	K.	Guillory	7535 Forrest Street	San Angelo	Texas	76904	pGuillory@asiafind.com
Chuck	E.	Anick	4509 Bradford Street	Carlisle	Massachusetts	1741	cAnick@asean-mail.com
Lily	H.	Taraborelli	3536 Patchen Avenue	Arnold	Nebraska	69120	lTaraborelli@edtnmail.com
Jerrell	J.	Fugitt	3894 Adler Place	El Paso	Texas	79997	jFugitt@loobie.com
Breanna	U.	Drawhorn	8798 Harden Street	Wolsey	South Dakota	57384	bDrawhorn@telerymd.com
Nicky	R.	Vanmetre	5275 Catherine Street	Whitesville	Kentucky	42378	nVanmetre@dawnsonmail.com
Dale	W.	Tulk	6664 Withers Street	Sugar Run	Pennsylvania	18846	dTulk@fullmail.com
Grady	R.	Butter	4644 Bay 32nd Street	Oneida	Pennsylvania	18242	gButter@usma.net
Celeste	I.	Iida	8800 Marconi Place	Electra	Texas	76360	cIida@sabreshockey.com
Titus	Q.	Lehrke	9260 Albemarle Terrace	Poole	Kentucky	42444	tLehrke@quakemail.com
Lela	V.	Patmore	2148 Penn Street	Fresno	California	93724	lPatmore@ghanamail.com
Merrill	Y.	Peacemaker	1864 Manhattan Avenue	Altamont	Tennessee	37301	mPeacemaker@kmail.com.au
Victoria	V.	Herard	8963 Macon Street	Etna	Maine	4434	vHerard@celtic.com
Isaiah	U.	Kreider	5660 Amity Street	Columbus	Kansas	66725	iKreider@lovemail.com
Tiffani	R.	Soibelman	7345 Grant Avenue	Saint Paul	Minnesota	55106	tSoibelman@grapplers.com
Carlos	S.	Schriefer	7865 Lacon Court	Brackenridge	Pennsylvania	15014	cSchriefer@flashemail.com
Rosario	Y.	Conner	8826 Front Street	Glandorf	Ohio	45848	rConner@dunloprider.com
Jake	D.	Enderby	674 Forrest Street	Metairie	Louisiana	70006	jEnderby@wickedmail.com
Victoria	B.	Melgar	4925 Mermaid Avenue	Los Angeles	California	90103	vMelgar@army.net
Wilbur	M.	Zachery	4024 Brighton 8th Lane	Woolstock	Iowa	50599	wZachery@anti-social.com
Meagan	X.	Ussery	4199 Bay 22nd Street	Leachville	Arkansas	72438	mUssery@mailboom.com
Bennett	L.	Sotomayor	7901 Washington Drive	Petaluma	California	94953	bSotomayor@interburp.com
Mollie	H.	Tent	2574 Homecrest Court	Curryville	Pennsylvania	16631	mTent@hempseed.com
Ali	E.	Lallave	4901 Bond Street	North Miami Beach	Florida	33160	aLallave@richmondhill.com
Tori	D.	Peveler	2347 Chase Court	Voorheesville	New York	12186	tPeveler@giantsfan.com
Antone	D.	Hirschfield	2162 Howard Alley	Washington	District Of Columbia	20539	aHirschfield@i-connect.com
Renae	J.	Frentzel	7243 Brighton 2nd Street	New York	New York	10158	rFrentzel@usaaccess.net
Asa	R.	Corelli	3126 Kermit Place	Hardy	Virginia	24101	aCorelli@macbox.com
Marisa	X.	Leaming	1104 Greenwood Avenue	Valley Head	West Virginia	26294	mLeaming@pemail.net
Humberto	G.	Willardson	4969 Brighton 10th Street	Albion	Nebraska	68620	hWillardson@windrivers.net
Penelope	Q.	Masse	2934 Chestnut Avenue	Veteran	Wyoming	82243	pMasse@mailtag.com
Antoine	W.	Luff	6406 Webers Court	Williamston	Michigan	48895	aLuff@ghanamail.com
Claire	N.	Klinger	4549 Dunne Place	Austin	Texas	78734	cKlinger@collegebeat.com
Cleveland	O.	Gourlay	5676 Warsoff Place	Conroe	Texas	77301	cGourlay@wowmail.com
Florine	B.	Lazarz	9181 Menahan Street	Houston	Texas	77066	fLazarz@music.com
Christopher	H.	Del	3565 Cass Place	Nassau	Delaware	19969	cDel@planetdirect.com
Chantel	N.	Balmes	5543 Brighton Beach Avenue	Melrose	Iowa	52569	cBalmes@asiapoint.net
Marvin	M.	Maultsby	1704 Highlawn Avenue	Monterey	Indiana	46960	mMaultsby@ato.check.com
Kristina	C.	Stansbery	7043 Oriental Boulevard	Fresno	California	93728	kStansbery@yoursubdomain.zzn.com
Ali	T.	Phoeuk	4787 Lincoln Terrace	Due West	South Carolina	29639	aPhoeuk@realradiomail.com
Janet	C.	Richerson	7246 Commercial Street	Paradise	Michigan	49647	jRicherson@zdnetmail.com
Marcel	U.	Robledo	6968 Plumb 2nd Street	Madison	Wisconsin	53793	mRobledo@charmedmail.com
Miriam	L.	Gilani	5819 Avenue B	Bath	South Dakota	57427	mGilani@totalmusic.net
Beau	M.	Willert	3009 Tampa Court	Brooklyn	New York	11204	bWillert@ato.check.com
Rowena	H.	Prell	864 Crown Street	Clarkridge	Arkansas	72623	rPrell@interburp.com
Erin	K.	Mends	6640 Forrest Street	Atlanta	Georgia	30376	eMends@zdnetmail.com
Julianne	J.	Claussen	494 Prospect Avenue	Tishomingo	Mississippi	38873	jClaussen@tritium.net
Boris	H.	Dudziak	8817 St Johns Place	Cedarbluff	Mississippi	39741	bDudziak@giantsfan.com
Colleen	U.	Allday	8364 Beach Place	Springfield	Vermont	5156	cAllday@bigfoot.com
Ahmed	T.	Machala	7775 Brighton 1st Place	Phoenix	Arizona	85023	aMachala@stalag13.com
Anastasia	K.	Mitts	2084 Brighton 10th Terrace	Kearney	Missouri	64060	aMitts@callsign.net
Hal	F.	Wolfard	6655 Grafton Street	Mapleville	Rhode Island	2839	hWolfard@sportsmail.com
Hilda	M.	Abella	1239 Woodside Avenue	Blacksburg	Virginia	24063	hAbella@crosswinds.net
Chi	C.	Dubuisson	5242 Essex Street	San Bernardino	California	92418	cDubuisson@gh2000.com
Janet	D.	Liebross	684 Heath Place	Valley	Washington	99181	jLiebross@wowmail.com
Raul	R.	Flatley	2681 Belvidere Street	Greensburg	Indiana	47240	rFlatley@planetdirect.com
Julianne	A.	Reynold	5678 Havemeyer Street	Red Valley	Arizona	86544	jReynold@crosshairs.com
Emmanuel	M.	Forgue	9880 Humboldt Street	Oakdale	Iowa	52319	eForgue@webmail.bellsouth.net
Pansy	P.	Rushmore	2480 Classon Avenue	Rapids City	Illinois	61278	pRushmore@kube93mail.com
Alonso	O.	Brodnax	8797 Battery Avenue	Wright	Kansas	67882	aBrodnax@myworldmail.com
Julianne	I.	Kleve	9705 New York Avenue	Newry	Pennsylvania	16665	jKleve@usma.net
Jeffery	E.	Scotton	9439 Cranberry Street	College Station	Texas	77845	jScotton@kmail.com.au
Crystal	U.	Paparello	9950 Legion Street	Bryant	Arkansas	72089	cPaparello@friends-cafe.com
Toney	Y.	Ursery	2128 Bay View Court	Little Falls	New Jersey	7424	tUrsery@backpackers.com
Hattie	V.	Forquer	8819 Reed Street	Mosquero	New Mexico	87733	hForquer@DCemail.com
Herman	S.	Keat	3780 Lynch Street	Quebeck	Tennessee	38579	hKeat@nandomail.com
Lucille	D.	Framer	6956 Winthrop Street	Glenhayes	West Virginia	25519	lFramer@excite.com
Prince	G.	Ferrell	941 Madison Street	Lula	Mississippi	38644	pFerrell@zuzzurello.com
Hortencia	P.	Peluso	1249 Durland Place	Smithburg	West Virginia	26436	hPeluso@maktoob.com
Sonny	W.	Streich	3651 Furman Avenue	Hopkinton	Rhode Island	2833	sStreich@fastermail.com
Caren	B.	Vakas	6080 Knight Court	Mcintyre	Georgia	31054	cVakas@ilovethemovies.com
Dannie	Y.	Balderrama	4426 Wharton Place	Grants Pass	Oregon	97528	dBalderrama@charmedmail.com
Oralia	J.	Munos	6818 Brighton 3 Place	Collettsville	North Carolina	28611	oMunos@blazemail.com
Danilo	M.	Nemzek	4977 Beadel Street	Bluffton	Indiana	46714	dNemzek@grapplers.com
Diane	Y.	Ard	8464 Bergen Avenue	Broxton	Georgia	31519	dArd@x-networks.net
Lazaro	D.	Sosby	3139 Lawn Court	Addison	Michigan	49220	lSosby@hhdevel.com
Selina	Y.	Landau	892 Avenue T	Boise	Idaho	83701	sLandau@usma.net
Vicente	Q.	Makepeace	1299 Water Street	Bernville	Pennsylvania	19506	vMakepeace@kmail.com.au
Carmen	H.	Daruszka	9839 Cropsey Avenue	Stockton	New York	14784	cDaruszka@talkcity.com
Donnell	G.	Wikstrom	3871 Gardner Avenue	Irwinton	Georgia	31042	dWikstrom@planetall.com
Rosita	M.	Godley	2768 Sea Breeze Avenue	Richmondville	New York	12149	rGodley@webinbox.com
Rhett	P.	Theunissen	9601 Flatlands 6th Street	Whiteman Air Force Base	Missouri	65305	rTheunissen@321media.com
Caryn	F.	Brighi	646 Lynch Street	Levittown	Pennsylvania	19055	cBrighi@doityourself.com
Dexter	R.	Stumph	1969 Sheffield Avenue	Phlox	Wisconsin	54464	dStumph@asean-mail.com
Lorrie	S.	Bombard	1308 Ryerson Street	Cut Off	Louisiana	70345	lBombard@happypuppy.com
Fredrick	X.	Mowrey	7570 Sherlock Place	Chandler	Arizona	85246	fMowrey@planetaccess.com
Patrica	J.	Derosset	4430 Boerum Street	Jamestown	Colorado	80455	pDerosset@dejanews.com
Filiberto	E.	Monsour	4943 Hampton Avenue	Columbiana	Alabama	35050	fMonsour@iowaemail.com
Tammie	A.	Lippy	9185 Howard Avenue	Saint Paris	Ohio	43072	tLippy@keyemail.com
Zane	I.	Urive	9365 Jackson Street	Courtland	Minnesota	56021	zUrive@planetaccess.com
Edith	F.	Shatrau	5404 Canarsie Road	Bloomington	Texas	77951	eShatrau@looksmart.com
Sid	S.	Halper	2167 Ingraham Street	Agenda	Kansas	66930	sHalper@chickmail.com
Elvira	P.	Fjetland	2888 Lincoln Road	Bend	Oregon	97702	eFjetland@mailcity.com
Andreas	S.	Moorhead	404 Schenck Court	Pinch	West Virginia	25156	aMoorhead@imail.org
Cora	R.	Amory	7859 Taaffe Place	Chaffee	Missouri	63740	cAmory@surfree.com
Gaylord	L.	Samudio	2394 Dean Street	Elmwood	Nebraska	68349	gSamudio@mygo.com
Kate	Q.	Nasuti	5836 Delevan Street	Scott City	Kansas	67871	kNasuti@pinoymail.com
Chong	E.	Nicometo	1466 Jackson Street	Castle Rock	Colorado	80108	cNicometo@mygo.com
Mercedes	Y.	Rincon	3587 Miller Avenue	Houston	Texas	77293	mRincon@macfreak.com
Galen	Q.	Forcello	9961 Irving Street	Marion	Montana	59925	gForcello@www2000.net
Yong	M.	Alviar	8239 Wharton Place	Hooper	Washington	99333	yAlviar@wingnutz.com
Xavier	T.	Lybarger	7147 Hall Street	Kewadin	Michigan	49648	xLybarger@blazemail.com
Mellissa	T.	Claborn	5079 Columbia Place	Wagoner	Oklahoma	74477	mClaborn@anti-social.com
Rickey	G.	Devier	207 McKibben Street	Guilford	Missouri	64457	rDevier@duno.com
Zelma	O.	Giacone	6885 Campus Place	Crum	West Virginia	25669	zGiacone@webinbox.com
Damien	K.	Lachner	1725 Main Street	Anchorage	Alaska	99513	dLachner@saintmail.net
Lorie	H.	Willow	4445 Bay 50th Street	Chillicothe	Illinois	61523	lWillow@happypuppy.com
Brooks	S.	Monat	9464 Gunnison Court	Carlton	Minnesota	55718	bMonat@fansonlymail.com
Rachel	V.	Harring	3835 Kingsland Avenue	Dickinson	Alabama	36436	rHarring@easypost.com
Mel	I.	Charon	3509 Madoc Avenue	Howardsville	Virginia	24562	mCharon@chickmail.com
Samatha	A.	Bussie	8633 Catherine Street	Waimea	Hawaii	96796	sBussie@uswestmail.net
Julius	P.	Felde	7837 Bay 31st Street	Swan Lake	New York	12783	jFelde@popaccount.com
Nilda	P.	Bingham	1560 Martense Street	Lawn	Texas	79530	nBingham@schoolsucks.com
Scottie	E.	Mattiace	5382 Malcolm X Boulevard	Columbia	South Carolina	29202	sMattiace@deskmail.com
Ollie	C.	Liloia	9497 Brighton 12th Street	Jerico Springs	Missouri	64756	oLiloia@mycool.com
Sanford	Y.	Jone	1990 Avenue F	Key Colony Beach	Florida	33051	sJone@axoskate.com
Margo	M.	Schroth	8042 Guider Avenue	Colton	Ohio	43510	mSchroth@joymail.com
Lamar	H.	Danesi	6151 Church Avenue	Arlington	Virginia	22245	lDanesi@berkscounty.com
Madeleine	A.	Rosenberg	2929 Sandford Street	Anaheim	California	92806	mRosenberg@xmastime.com
Asa	W.	Peasley	3830 Bleecker Street	Edwardsville	Alabama	36261	aPeasley@go.com
Fern	B.	Moskos	4729 Jaffray Street	Oak Park	Illinois	60302	fMoskos@gamespotmail.com
Stuart	B.	Nantz	5601 Morgan Avenue	Philadelphia	Pennsylvania	19173	sNantz@safarimail.com
Vesta	B.	Smullen	7482 Ridgecrest Terrace	Cunningham	Kansas	67035	vSmullen@cornells.com
Horacio	N.	Misiewicz	1096 Delmonico Place	New Manchester	West Virginia	26056	hMisiewicz@surfree.com
Pauline	W.	Rautio	530 Boerum Place	Oakland	California	94607	pRautio@gnwmail.com
Daren	N.	Ence	4120 Box Street	Denver	Colorado	80217	dEnce@webmail.bellsouth.net
Chong	E.	Cabot	7036 Remsen Avenue	Bearcreek	Montana	59007	cCabot@popaccount.com
Tobias	A.	Flaten	5412 Shore Court	Hamlin	Texas	79520	tFlaten@stealthmail.com
Georgette	S.	Winland	1539 Bills Place	Deltona	Florida	32738	gWinland@outel.com
Clair	T.	Degruy	7875 Sheridan Avenue	Rose	Nebraska	68772	cDegruy@check.com
Alyce	U.	Facteau	6628 Sunnyside Court	Cornwall	Pennsylvania	17016	aFacteau@talkcity.com
Tommy	I.	Ferrence	9142 Parade Place	Walworth	Wisconsin	53134	tFerrence@zensearch.net
Ashley	S.	Sher	8344 Clarendon Road	Chesapeake	Virginia	23323	aSher@dunlopdriver.com
Danilo	T.	Lumley	498 Montana Place	Duck	West Virginia	25063	dLumley@freeyellow.com
Merry	U.	Marold	3783 Ellery Street	Lawndale	North Carolina	28090	mMarold@saintmail.net
Rolando	H.	Sandino	1530 Aster Court	Norris City	Illinois	62869	rSandino@votenet.com
Helena	D.	Langlinais	9221 Irwin Street	Lafe	Arkansas	72436	hLanglinais@yogotemail.com
Marquis	X.	Suter	1406 Crosby Avenue	Forrest City	Arkansas	72335	mSuter@cybertrains.org
Nicole	X.	Handley	6065 Victor Road	Marlow	Oklahoma	73055	nHandley@letsgomets.net
Alton	Y.	Fleeks	4118 Degraw Street	Gadsden	Alabama	35902	aFleeks@youvegotmail.net
Lynne	S.	Lazalde	7772 Kane Street	Morrisville	Vermont	5661	lLazalde@foodmail.com
Wilton	W.	Mun	9222 Martense Street	Ponce	Puerto Rico	717	wMun@konx.com
Leanne	O.	Hesse	1767 Shore Road	Shawnee Mission	Kansas	66209	lHesse@ireland.com
Olen	Q.	Friesz	1989 Polhemus Place	Douglas	Alabama	35964	oFriesz@nafe.com
Jewel	C.	Cashmore	6413 Sedgwick Street	Fort Eustis	Virginia	23604	jCashmore@html.tou.com
Gene	V.	Deojay	6705 Argyle Road	Lampasas	Texas	76550	gDeojay@mail.kmsp.com
Dorthy	L.	Chean	1921 Ovington Avenue	Rex	North Carolina	28378	dChean@billsfan.net
Emerson	H.	Hollin	9410 Hart Street	Norfolk	Virginia	23502	eHollin@axoskate.com
Caryn	I.	Arwood	3249 Morgan Avenue	Margaret	Alabama	35112	cArwood@myworldmail.com
Miles	X.	Eldridge	1327 Victor Road	Sobieski	Wisconsin	54171	mEldridge@fortunecity.com
Wilda	P.	Crossman	7154 Langham Street	Wallace	South Dakota	57272	wCrossman@finfin.com
Gregory	P.	Selim	9487 Lynch Street	Northway	Alaska	99764	gSelim@thoic.com
Vernice	G.	Demoya	9324 Bay 19th Street	Talpa	Texas	76882	vDemoya@mailpost.zzn.com
Alden	Q.	Pick	3793 Mac Kenzie Street	Medicine Lodge	Kansas	67104	aPick@quakemail.com
Rachelle	H.	Train	6527 Everett Avenue	Denver	Colorado	80295	rTrain@depechemode.com
Jamison	N.	Pendrak	9647 Nostrand Avenue	Alamogordo	New Mexico	88310	jPendrak@polbox.com
Katherine	B.	Westerberg	9080 Coffey Street	Redding	Connecticut	6896	kWesterberg@looksmart.com.au
Alexis	S.	Billeaudeau	7322 Foster Avenue	Garrison	Montana	59731	aBilleaudeau@pagons.org
Celeste	F.	Hoppel	8290 Margaret Court	Rush Springs	Oklahoma	73082	cHoppel@businessweekmail.com
Shelby	F.	Varady	2213 Lincoln Terrace	Rushford	New York	14777	sVarady@medmail.com
Earnestine	B.	Cazorla	6744 Rockaway Avenue	Miami	Florida	33107	eCazorla@tritium.net
Gregory	W.	Clow	5576 Essex Street	Tulsa	Oklahoma	74158	gClow@planet-mail.com
Mollie	U.	Boyles	3389 Conway Street	King	Wisconsin	54946	mBoyles@safarimail.com
Adan	K.	Schwer	8148 Reed Street	Sturgis	Kentucky	42459	aSchwer@angelfan.com
Helga	R.	Pressnell	9843 Bay 29th Street	Thurmont	Maryland	21788	hPressnell@pcsrock.com
Matthew	M.	Oachs	4484 Independence Avenue	Pueblo	Colorado	81004	mOachs@mail.freetown.com
Lesa	K.	Lenhart	5631 Brighton 8th Lane	Philadelphia	Pennsylvania	19150	lLenhart@rocketmail.com
King	S.	Adamson	8796 Bushwick Court	Sandown	New Hampshire	3873	kAdamson@bannertown.net
Elida	E.	Heinrichs	7293 King Street	Park Ridge	New Jersey	7656	eHeinrichs@colleges.com
Jerald	W.	Bequette	5124 Opal Court	Pensacola	Florida	32573	jBequette@mail.salu.net
Evelyn	W.	Provow	5322 Granite Street	Savannah	Georgia	31412	eProvow@jewishmail.com
Clair	H.	Hecox	3970 Penn Street	Waller	Texas	77484	cHecox@asiafind.com
Miranda	R.	Martinson	2593 Noel Avenue	Hartford	Connecticut	6105	mMartinson@casino.com
Eloy	Q.	Sieminski	1747 Tiffany Place	Christmas	Florida	32709	eSieminski@comprendemail.com
Noemi	V.	Pixler	6539 Mayfair Drive	De Soto	Kansas	66018	nPixler@gocollege.com
Justin	Q.	Rohlman	5814 Village Road	Gonzales	Texas	78629	jRohlman@careerbuildermail.com
Ophelia	E.	Ysquierdo	7166 Tehama Street	Arcadia	California	91066	oYsquierdo@eudoramail.com
Anibal	O.	Digangi	2190 Brighton 3rd Street	Papillion	Nebraska	68133	aDigangi@fansonlymail.com
Pat	V.	Fusch	8964 Shale Street	Saint Petersburg	Florida	33747	pFusch@ancestry.com
Lucio	S.	Epolito	2844 National Drive	Kissimmee	Florida	34745	lEpolito@swipermail.zzn.com
Alecia	U.	Garey	3038 Oxford Street	Elsmere	Nebraska	69135	aGarey@cyber4all.com
Armand	T.	Gish	689 Goodwin Place	Mount Jackson	Virginia	22842	aGish@stones.com
Lorena	U.	Mcnay	3747 Forbell Street	Elko	Nevada	89802	lMcnay@vahoo.com
Willy	P.	Lenihan	3831 School Lane	Verona	Wisconsin	53593	wLenihan@mailshuttle.com
Hallie	Q.	Clipp	5616 Bay 26th Street	Philadelphia	Pennsylvania	19193	hClipp@kitznet.at
Samual	R.	Brockway	6718 Marcus Garvey Boulevard	Fort Worth	Texas	76133	sBrockway@axoskate.com
Glenna	X.	Urso	1547 Snyder Avenue	Mason	Illinois	62443	gUrso@gaybrighton.co.uk
Alden	M.	Schliep	7243 Beverly Road	Burgess	Virginia	22432	aSchliep@zeeks.com
Bernadette	E.	Moehn	4508 Hunts Lane	Glendale	California	91209	bMoehn@upf.org
Ernie	R.	Brungardt	4244 Montieth Street	Indio	California	92201	eBrungardt@forfree.at
Ivette	G.	Clermont	9730 Clifton Place	Lottsburg	Virginia	22511	iClermont@teamtulsa.net
Daron	I.	Brookens	6385 Milford Street	Independence	Virginia	24348	dBrookens@backpackers.com
Emily	G.	Margaret	8316 Malcolm X Boulevard	Robinsonville	Mississippi	38664	eMargaret@cyber4all.com
Valentine	V.	Delreal	8992 Newton Street	Homeland	Florida	33847	vDelreal@ozbytes.net.au
Beatriz	O.	Hermenegildo	8489 Harrison Place	Banta	California	95304	bHermenegildo@cynetcity.com
Isreal	T.	Crosdale	1673 Louisa Street	San Diego	California	92133	iCrosdale@dragoncon.net
Renee	P.	Reeder	4643 Lafayette Avenue	Henriette	Minnesota	55036	rReeder@vcmail.com
Kip	O.	Admas	7385 Belvidere Street	Melbourne	Florida	32912	kAdmas@vlmail.com
Myra	I.	Pickles	9965 Hendrix Street	Lincoln	Nebraska	68516	mPickles@ilovejesus.com
Harris	J.	Barriga	6829 Albany Avenue	Hill City	Minnesota	55748	hBarriga@la.com
Lynn	H.	Dyar	9259 Brighton 1st Court	Melrose	Montana	59743	lDyar@cabacabana.com
Ervin	V.	Scherler	6519 Paerdegat 14th Street	Pomona	California	91768	eScherler@rotfl.com
Francis	X.	Besemer	3227 Fountain Avenue	Peoria	Arizona	85380	fBesemer@yoursubdomain.findhere.com
Damian	I.	Batko	5929 Stanton Road	Washington	District Of Columbia	20520	dBatko@hanmail.net
Annie	B.	Gottshall	1416 Noll Street	Bowie	Maryland	20719	aGottshall@bettergolf.net
Palmer	E.	Kap	1902 Arion Place	Webbville	Kentucky	41180	pKap@peopleweb.com
Bonita	U.	Zubia	4293 Livingston Street	Statham	Georgia	30666	bZubia@insidebaltimore.net
Louis	F.	Ledwell	1556 Pershing Loop	Sylvania	Alabama	35988	lLedwell@teamdiscovery.com
Chrystal	V.	Capello	9852 Landis Court	Des Moines	Iowa	50381	cCapello@1033edge.com
Dorsey	L.	Nevels	758 Whitman Drive	Le Roy	New York	14482	dNevels@quakemail.com
Aubrey	O.	Cardell	4508 Noll Street	Centereach	New York	11720	aCardell@gmx.de
Vince	Y.	Lengel	913 Brightwater Court	Oswego	Kansas	67356	vLengel@casablancaresort.com
Roseann	S.	Holey	3036 Bliss Terrace	Newell	Iowa	50568	rHoley@123india.com
Darrick	Y.	Chiasson	6270 Flatlands Avenue	Crestwood	Kentucky	40081	dChiasson@visualcities.com
Shelley	D.	Ponzo	8084 Ryder Street	Norman	Oklahoma	73071	sPonzo@awsom.net
Rickie	Q.	Potra	5008 Montauk Court	Charlotte	North Carolina	28206	rPotra@mailpost.zzn.com
Laurie	N.	Beamesderfer	3634 Bryant Street	Lusk	Wyoming	82226	lBeamesderfer@anotherwin95.com
Federico	A.	Kittell	5718 Brighton 10th Street	Wichita	Kansas	67231	fKittell@chinalook.com
Norma	T.	Elms	881 Micieli Place	Antler	North Dakota	58711	nElms@ksanmail.com
Donald	P.	Cazares	4452 Woodbine Street	Goldsboro	North Carolina	27533	dCazares@disinfo.net
Consuelo	T.	Gibbson	2527 Bay 23rd Street	Washington	District Of Columbia	20571	cGibbson@aaamail.zzn.com
Odis	I.	Salim	4344 Amboy Street	Conda	Idaho	83230	oSalim@mythirdage.com
Tina	H.	Isola	2202 Gardner Avenue	Climax	Georgia	31734	tIsola@edtnmail.com
Micah	X.	Vallian	2758 Kansas Place	Wenona	Illinois	61377	mVallian@silkroad.net
Chelsey	A.	Mcgeorge	570 Wortman Avenue	Bryant	Alabama	35958	cMcgeorge@uswestmail.net
Alfred	T.	Busic	1961 Cypress Avenue	Sunland Park	New Mexico	88063	aBusic@ccnmail.com
Claudia	P.	Mccraig	8043 Bragg Court	Reston	Virginia	20196	cMccraig@zensearch.net
Gaston	J.	Mauk	7071 Sheepshead Bay Road	Wilmont	Minnesota	56185	gMauk@starting-point.com
Luella	D.	Pago	1712 Hooper Street	Conroe	Texas	77306	lPago@i-connect.com
Darren	H.	Jaqua	4964 Matthews Court	Clearwater	Florida	33765	dJaqua@geecities.com
Bertha	Q.	Schane	9750 Folsom Place	Beeville	Texas	78102	bSchane@collegeclub.com
Dwight	M.	Pumarejo	9556 Barwell Terrace	Gunlock	Utah	84733	dPumarejo@mail.org.uk
Tisha	G.	Siegal	3766 St Felix Street	Rockville	Minnesota	56369	tSiegal@info66.com
Al	D.	Carow	9858 Poplar Avenue	Mellwood	Arkansas	72367	aCarow@yehaa.com
Ila	F.	Forni	5055 Albany Avenue	Atlanta	Idaho	83601	iForni@eudoramail.com
Leif	F.	Cliche	962 Chester Street	Richmond	Virginia	23233	lCliche@gtemail.net
Gisela	O.	Gady	9227 Friel Place	San Quentin	California	94974	gGady@silkroad.net
Robert	H.	Giambattista	6791 Sidney Place	Alton	Kansas	67623	rGiambattista@imaginemail.com
Melba	M.	Trudillo	8394 Navy Walk	Glen Wilton	Virginia	24438	mTrudillo@stealthmail.com
Javier	M.	Mikolajczyk	4499 Gates Avenue	Atlanta	Georgia	30354	jMikolajczyk@postmaster.co.uk
Barbara	G.	Whitlatch	2576 Flatlands 6th Street	Wurtsboro	New York	12790	bWhitlatch@tfz.net
Geoffrey	B.	Esbenshade	3720 Arion Place	Banquete	Texas	78339	gEsbenshade@hotmail.com
Shana	M.	Molock	4238 Stillwell Avenue	Philomont	Virginia	20131	sMolock@juno.com
Kris	F.	Falks	4010 Stockholm Street	Thompsonville	Illinois	62890	kFalks@prontomail.com
Carolina	G.	Stelle	4466 Hegeman Avenue	Watson	Illinois	62473	cStelle@MailandNews.com
Marc	R.	Reeck	9508 Bay Ridge Parkway	Brigham City	Utah	84302	mReeck@looksmart.co.uk
Dara	C.	Garlington	5442 Arlington Avenue	Odessa	New York	14869	dGarlington@freestamp.com
Emile	O.	Rolstad	8294 Clark Street	Mcgrew	Nebraska	69353	eRolstad@bla-bla.com
Krystal	M.	Palmatier	8177 Horace Court	Tucson	Arizona	85721	kPalmatier@planetdirect.com
Shon	V.	Mcentire	6029 Bay 25th Street	Clam Gulch	Alaska	99568	sMcentire@visitweb.com
Lolita	U.	Bievenue	5515 Olive Street	Beallsville	Maryland	20839	lBievenue@speedemail.net
King	H.	Thie	9101 Sheepshead Bay Road	Datto	Arkansas	72424	kThie@yehaa.com
Alma	O.	Buth	4090 Brighton 2nd Street	Stacyville	Maine	4782	aButh@zuzzurello.com
Mitch	K.	Alberson	1395 McKeever Place	Sardinia	South Carolina	29143	mAlberson@chinalook.com
Cecelia	C.	Deline	4758 Bay 54th Street	Haven	Kansas	67543	cDeline@geecities.com
Benjamin	Q.	Mccosh	4193 John Street	Hermon	New York	13562	bMccosh@conok.com
Lashonda	Y.	Hackford	3503 Seacoast Terrace	Clinton	Ohio	44216	lHackford@wickedmail.com
Pat	E.	Puffer	8341 Kingsborough 4th Walk	Washington	District Of Columbia	20575	pPuffer@gocollege.com
Louisa	Q.	Durgan	4290 Flatlands 2nd Street	Kingman	Arizona	86402	lDurgan@ecardmail.com
Ollie	Q.	Stoke	7096 Bay 46th Street	Catawba	North Carolina	28609	oStoke@pemail.net
Tabatha	E.	Iulo	9799 Moffat Street	Nokesville	Virginia	20182	tIulo@nettaxi.com
Emil	U.	Steuber	8506 Kimball Street	Germantown	Wisconsin	53022	eSteuber@cuemail.com
Christin	R.	Ertzbischoff	6785 Strong Place	Summerfield	Illinois	62289	cErtzbischoff@kube93mail.com
Travis	M.	Ercanbrack	7585 Nostrand Avenue	Halltown	Missouri	65664	tErcanbrack@anote.com
Dollie	B.	Hale	1046 Bulwer Place	Virginia	Minnesota	55792	dHale@bettergolf.net
Rob	C.	Waxman	1649 Bergen Court	Cobalt	Connecticut	6414	rWaxman@ukmail.org
Libby	T.	Blowe	201 Alice Court	Brainard	New York	12024	lBlowe@roosh.com
Claud	P.	Hasler	5877 Kingsborough 7th Walk	Mapleton	Minnesota	56065	cHasler@gurlmail.com
Marylou	O.	Traver	4652 Margaret Court	New Orleans	Louisiana	70167	mTraver@rotfl.com
Octavio	I.	Karalis	5864 Vandervoort Avenue	Lexington	Kentucky	40596	oKaralis@StarTrekMail.com
Pattie	B.	Seamans	8347 Homecrest Avenue	Peoria	Illinois	61639	pSeamans@x-networks.net
Oliver	I.	Lormand	2808 Monroe Street	Saint Regis Falls	New York	12980	oLormand@postmaster.co.uk
Alison	X.	Eck	8698 Wogan Terrace	Lake Placid	Florida	33862	aEck@la.com
Nicky	S.	Laski	6219 Kingsborough 7th Walk	Sparta	New Jersey	7871	nLaski@toolsource.com
Paige	W.	Pilgrim	5079 Baltic Street	Halliday	North Dakota	58636	pPilgrim@tbwt.com
Roberto	F.	Breazeal	9490 Canda Avenue	Theresa	New York	13691	rBreazeal@catsrule.garfield.com
Maritza	Y.	Raj	4292 Stillwell Place	Protem	Arkansas	65733	mRaj@chez.com
Shayne	X.	Almon	3206 Palmetto Street	Rosemount	Minnesota	55608	sAlmon@citeweb.net
Jeannine	Q.	Manetta	8549 Montauk Avenue	Camby	Indiana	46113	jManetta@onvillage.com
Alejandro	J.	Crytzer	8687 Brighton 7th Lane	Mongaup Valley	New York	12762	aCrytzer@gocollege.com
Kelley	H.	Goede	4024 Shore Boulevard	Afton	Virginia	22920	kGoede@matmail.com
Stacy	K.	Mcferron	3701 Vine Street	Tafton	Pennsylvania	18464	sMcferron@windrivers.net
Susanna	J.	Albro	522 Jefferson Avenue	Indianapolis	Indiana	46295	sAlbro@loobie.com
Charlie	E.	Ramie	2802 Jefferson Avenue	New Braunfels	Texas	78132	cRamie@mycool.com
Debra	J.	Gately	8491 Beacon Court	Fallon	Nevada	89406	dGately@hhdevel.com
Lemuel	E.	Andrion	5933 Highland Boulevard	Moscow	Michigan	49257	lAndrion@chez.com
Nichole	K.	Gaus	5331 York Street	Watford City	North Dakota	58854	nGaus@ynnmail.com
Nicolas	S.	Arkin	2760 Stillwell Avenue	Woodland	Wisconsin	53099	nArkin@freemail.org.mk
Elaine	A.	Parkhurst	4554 Dearborn Court	Bemidji	Minnesota	56619	eParkhurst@buffymail.com
Ronny	W.	Mace	3077 Arlington Place	Roosevelt Roads	Puerto Rico	742	rMace@juniormail.com
Dolly	I.	Pellow	1062 Beverly Road	Taylorsville	California	95983	dPellow@stalag13.com
Efrain	E.	Pruett	4469 Vandervoort Place	Salt Lake City	Utah	84123	ePruett@ghanamail.com
Janette	T.	Kindt	7768 Miller Avenue	Del Rio	Texas	78841	jKindt@realradiomail.com
Chet	O.	Brehm	6515 Bulwer Place	Olimpo	Puerto Rico	655	cBrehm@worldmailer.com
Sierra	H.	Kaiwi	4048 President Street	Dos Palos	California	93620	sKaiwi@go.com
Jayson	X.	Vandervoort	2883 Ryerson Street	Zahl	North Dakota	58856	jVandervoort@collectiblesuperstore.com
Maribel	U.	Klei	5108 Walton Street	Los Angeles	California	90088	mKlei@zcities.com
Cristopher	I.	Pefanis	672 Prospect Street	Walton	Kansas	67151	cPefanis@storksite.com
Simone	H.	Slechta	3322 Balfour Place	Westphalia	Iowa	51578	sSlechta@jahoopa.com
Randal	F.	Leslie	3519 Meadow Street	Bend	Oregon	97701	rLeslie@medmail.com
Ola	C.	Crays	1129 Dorset Street	Forest Park	Georgia	30298	oCrays@myworldmail.com
Jamison	R.	Hibbard	350 Clifford Place	Green	Ohio	44232	jHibbard@eastmail.com
Penny	E.	Vasile	5103 John Street	Mulino	Oregon	97042	pVasile@macfreak.com
Terrell	I.	Pfisterer	9561 Grimes Road	Lumber City	Georgia	31549	tPfisterer@fiberia.com
Camilla	H.	Kroon	4688 Victor Road	Thornburg	Iowa	50255	cKroon@kcks.com
Antoine	A.	Dudeck	8457 Tompkins Place	Hamlin	Iowa	50117	aDudeck@abolition-now.com
Bonnie	R.	Wertenberger	3164 Anthony Street	Royal Oak	Michigan	48067	bWertenberger@mauritius.com
Rodney	E.	Lukehart	8861 Dunham Place	Huguenot	New York	12746	rLukehart@sabreshockey.com
Susan	V.	Clayborn	459 Holt Court	Anderson	Indiana	46012	sClayborn@yogotemail.com
Omer	C.	Fess	6027 Atlantic Avenue	Washington	District Of Columbia	20238	oFess@email.com
Magdalena	N.	Mrozoski	2812 Shell Road	Cassville	Missouri	65625	mMrozoski@mail.byte.it
Leonardo	S.	Kester	428 Ridgecrest Terrace	Mission	Texas	78572	lKester@vlmail.com
Sybil	J.	Hagge	8484 Albemarle Road	Birmingham	Alabama	35235	sHagge@hkg.net
Mauro	U.	Bubash	3192 Chester Court	Parker Ford	Pennsylvania	19457	mBubash@cristianemail.com
Rosario	G.	Amarante	214 Brighton 5th Street	Shawnee Mission	Kansas	66222	rAmarante@2bmail.co.uk
Raymond	O.	Koss	7992 Bay 32nd Street	Casco	Maine	4015	rKoss@cornells.com
Susie	K.	Salvatore	9124 Village Court	Saint Ignatius	Montana	59865	sSalvatore@kbjrmail.com
Rocco	M.	Dittmer	1635 Clara Street	Hominy	Oklahoma	74035	rDittmer@ilovethemovies.com
Pattie	T.	Friedrichs	7903 Avenue H	Idaho Falls	Idaho	83401	pFriedrichs@aaamail.zzn.com
Adalberto	W.	Nichelson	4307 Poly Place	Pepin	Wisconsin	54759	aNichelson@loobie.com
Denise	Y.	Takach	1573 Kings Hwy	Mildred	Pennsylvania	18632	dTakach@unomail.com
Tad	T.	Mansir	3182 Brighton Beach Avenue	Carrollton	Mississippi	38917	tMansir@start.com.au
Dominique	E.	Arouri	7112 Bay 10th Street	Kenova	West Virginia	25530	dArouri@html.tou.com
Antony	D.	Mikeska	7062 Branton Street	Randolph	Mississippi	38864	aMikeska@crosshairs.com
Wilhelmina	N.	Giovanini	4605 Delmonico Place	Pink Hill	North Carolina	28572	wGiovanini@berkscounty.com
Zack	E.	Skowronski	2683 Friel Place	New Florence	Pennsylvania	15944	zSkowronski@movieluver.com
Jodi	B.	Ruger	3142 Livingston Street	Tyrone	New York	14887	jRuger@emumail.com
Mohammed	N.	Fossati	127 Plymouth Street	Tunkhannock	Pennsylvania	18657	mFossati@edtnmail.com
Irene	R.	Slowey	1948 Rost Place	Houston	Texas	77268	iSlowey@educastmail.com
Keneth	S.	Bourne	3300 Jackson Court	Savoy	Texas	75499	kBourne@planetdirect.com
Dorothea	X.	Dearden	4772 Pacific Street	Albion	Rhode Island	2802	dDearden@bboy.zzn.com
Tobias	E.	Iwami	2715 Dahill Road	Creamery	Pennsylvania	19430	tIwami@nchoicemail.com
Alisa	Y.	Funai	5632 Argyle Road	Bard	New Mexico	88411	aFunai@careerbuildermail.com
Bret	H.	Flye	1091 Temple Court	Lafayette	Indiana	47909	bFlye@roanokemail.com
Shelley	R.	Pinsky	7735 Bogart Street	San Acacia	New Mexico	87831	sPinsky@postmaster.co.uk
Man	G.	Tofte	5703 Brooklyn Road	Frankewing	Tennessee	38459	mTofte@yehaa.com
Virgie	A.	Szymkowski	2994 Osborn Street	Forsyth	Illinois	62535	vSzymkowski@votenet.com
Chung	T.	Burton	2902 Campus Road	Ranger	Texas	76470	cBurton@xpressmail.zzn.com
Trisha	V.	Gura	4160 Union Street	West Nyack	New York	10994	tGura@mail.kmsp.com
Steve	U.	Mealing	6009 New Dock Street	Covington	Louisiana	70433	sMealing@airforce.net
Rena	T.	Munuz	8338 Whitman Drive	North Powder	Oregon	97867	rMunuz@yoursubdomain.findhere.com
Claude	W.	Macchi	1850 Milton Street	Mascotte	Florida	34753	cMacchi@extenda.net
Meredith	D.	Tabares	5208 Bay 8th Street	Rockaway Beach	Missouri	65740	mTabares@conok.com
Byron	O.	Hailey	9263 Borinquen Pl	Fort Lauderdale	Florida	33305	bHailey@etoast.com
Alfreda	V.	Munar	8883 Seacoast Terrace	Dante	South Dakota	57329	aMunar@mail.salu.net
Werner	M.	Kirkby	521 Sedgwick Street	New Orleans	Louisiana	70139	wKirkby@ghostmail.com
Abigail	X.	Schwebach	1535 Marine Parkway	Williams	Oregon	97544	aSchwebach@communityconnect.com
Margarito	K.	Evenson	2807 Paerdegat 9th Street	Myakka City	Florida	34251	mEvenson@bisons.com
Roberta	M.	Bring	7792 Lafayette Walk	Emory	Virginia	24327	rBring@mailwire.com
Forrest	D.	Bowren	4749 Sherman Street	Monetta	South Carolina	29105	fBowren@netnet.com.sg
Kristen	I.	Kosakowski	5283 Waldane Court	Boston	Massachusetts	2209	kKosakowski@CPAonline.net
Rickie	A.	Prouse	7074 Oceanview Avenue	Safford	Arizona	85548	rProuse@email.women.com
Kitty	W.	Spencer	7576 Evans Street	Galena	Ohio	43021	kSpencer@safarimail.com
Marcus	L.	Anton	8661 Roebling Street	Milwaukee	Wisconsin	53203	mAnton@5star.com
Cassie	O.	Mcrary	6134 Fleet Walk	Corpus Christi	Texas	78409	cMcrary@mail1st.com
Mose	O.	Manville	9136 Wilson Street	Summerdale	Alabama	36580	mManville@singpost.com
Rosemarie	R.	Westerman	9162 Gelston Avenue	Addison	Michigan	49220	rWesterman@grapplers.com
Edison	Y.	Persky	2290 Llama Court	Harrogate	Tennessee	37752	ePersky@asean-mail.com
Christie	P.	Yordy	304 Bridge Street	Lakeview	Arkansas	72642	cYordy@bigassweb.com
Terence	E.	Alguire	4268 Brighton 4 Place	Almont	North Dakota	58520	tAlguire@ireland.com
Sharon	N.	Brenner	5717 Hendrix Street	Lincoln	Michigan	48742	sBrenner@wonder-net.com
Ian	Q.	Goodrich	471 Garnet Street	Lostant	Illinois	61334	iGoodrich@zeeks.com
Ashleigh	A.	Stackhouse	5585 Thatford Avenue	Lebanon	Wisconsin	53047	aStackhouse@bimamail.com
Irwin	V.	Hassen	9915 Charles Place	Harrisburg	Pennsylvania	17113	iHassen@looksmart.com.au
Fern	H.	Crandall	9273 Malta Street	Richmond	Indiana	47374	fCrandall@forfree.at
Jamison	M.	Micheal	2778 Moore Street	Twist	Arkansas	72385	jMicheal@conk.com
Dara	A.	Bratt	5304 McDonald Avenue	Reading	Pennsylvania	19605	dBratt@planetaccess.com
Humberto	N.	Surrett	7399 Suydam Street	High Falls	New York	12440	hSurrett@imail.org
Tasha	T.	Duverne	7174 Franklin Avenue	Fairhope	Alabama	36532	tDuverne@ivillage.com
Otto	U.	Isabelle	5597 Bay 48th Street	Seven Valleys	Pennsylvania	17360	oIsabelle@linktrader.com
Imelda	H.	Barbeau	1577 Hale Avenue	Bardwell	Texas	75101	iBarbeau@freemail.com.au
Francesco	B.	Gonzalaz	5874 Paerdegat 5th Street	Daly City	California	94014	fGonzalaz@singpost.com
Cindi	O.	Donofrio	4071 Judge Street	Miami	Florida	33170	cDonofrio@surfree.com
Dion	H.	Weishaar	8908 Etna Street	Atlanta	Georgia	30322	dWeishaar@wbdet.com
Michaela	W.	Eng	4004 Coleridge Street	Shirley	Massachusetts	1464	mEng@html.tou.com
Jarrett	O.	Sidur	6291 Kensington Walk	Springfield	Illinois	62721	jSidur@netzero.net
Clara	I.	Mousel	3152 Lake Place	Marbury	Maryland	20658	cMousel@mochamail.com
Derrick	K.	Walbridge	2184 Dahill Road	Lake Tomahawk	Wisconsin	54539	dWalbridge@teamtulsa.net
Betty	U.	Jitchaku	8285 Prospect Street	Hialeah	Florida	33012	bJitchaku@telebot.net
Kelley	B.	Sprenkle	8201 Pineapple Street	New York	New York	10279	kSprenkle@StarTrekMail.com
Marian	T.	Papaioannou	5542 Webers Court	Norway	Kansas	66961	mPapaioannou@deseretmail.com
Ty	A.	Clagg	7196 Red Cross Place	Little Falls	New Jersey	7424	tClagg@gotmail.com
Jenny	O.	Holesovsky	1950 Bay 8th Street	Folsom	California	95763	jHolesovsky@fortunecity.com
Milan	F.	Cucuzza	6778 Fanchon Place	Montpelier	Vermont	5602	mCucuzza@mycool.com
Young	A.	Sledz	1743 Brighton 3rd Court	Mobile	Alabama	36615	ySledz@anote.com
Sonny	E.	Tschanz	3247 Herkimer Street	Holley	New York	14470	sTschanz@busta-rhymes.com
Maxine	F.	Yashinski	5297 Elm Avenue	Annemanie	Alabama	36721	mYashinski@casablancaresort.com
Vance	U.	Romanello	1823 Evergreen Avenue	Salida	California	95368	vRomanello@netscape.net
Robbin	Q.	Balboa	6397 Madoc Avenue	Orange Grove	Texas	78372	rBalboa@netzero.net
Otis	A.	Dunnum	2092 Atkins Avenue	Tacoma	Washington	98407	oDunnum@lycosemail.com
Claudette	M.	Schweiker	9916 Amboy Street	Kalamazoo	Michigan	49008	cSchweiker@businessweekmail.com
Darius	K.	Ott	2163 Newkirk Avenue	Lehigh Acres	Florida	33972	dOtt@jump.com
Marybeth	P.	Enriques	8526 Knickerbocker Avenue	Newbury	Ohio	44065	mEnriques@netmanor.com
Willian	W.	Oda	7235 Little Street	Roby	Missouri	65557	wOda@bigassweb.com
Alicia	W.	Aversa	3744 Bushwick Court	Mooreland	Oklahoma	73852	aAversa@gurlmail.com
Boyd	P.	Caplan	7663 Greene Avenue	Mauk	Georgia	31058	bCaplan@telebot.com
Zelma	A.	Drager	9893 Grand Parents Avenue	Lakeville	Ohio	44638	zDrager@axoskate.com
Kip	B.	Ciriaco	4789 Clinton Street	Howell	Michigan	48843	kCiriaco@casino.com
Samatha	D.	Boadway	2236 Hope Street	Mccrory	Arkansas	72189	sBoadway@flashmail.com
Darrel	D.	Dagata	339 Hornell Loop	Fort Defiance	Virginia	24437	dDagata@thedoghousemail.com
Gale	H.	Zuehl	1675 Kenmore Court	Blairstown	Iowa	52209	gZuehl@naplesnews.net
Royal	O.	Gourdin	6606 Henderson Walk	Indianola	Washington	98342	rGourdin@astrosfan.net
Mia	W.	Solan	1006 Ridge Boulevard	Kesley	Iowa	50649	mSolan@123india.com
Donovan	A.	Cockburn	3290 Lincoln Avenue	Patillas	Puerto Rico	723	dCockburn@mailboom.com
Angelina	F.	Pacitto	8117 Love Lane	Saguache	Colorado	81149	aPacitto@sharewaredevelopers.com
Ellsworth	G.	Fincham	9911 Bay 50th Street	Fyffe	Alabama	35971	eFincham@mochamail.com
Ashley	C.	Monterroso	1177 Lamont Court	Silverwood	Michigan	48760	aMonterroso@dwp.net
Sid	E.	Queja	5201 Burnett Street	Gualala	California	95445	sQueja@vcmail.com
Maude	N.	Hoshaw	2897 St Charles Place	Chicago	Illinois	60646	mHoshaw@dragoncon.net
Kenny	I.	Goldthwait	1361 Little Street	Alpharetta	Georgia	30005	kGoldthwait@lycosemail.com
Dena	P.	Parlett	4738 Marlborough Court	Shell Lake	Wisconsin	54871	dParlett@pagons.org
Denver	R.	Schnall	9398 Halleck Street	Memphis	Tennessee	38122	dSchnall@netnet.com.sg
Johnnie	L.	Dittberner	6919 Hornell Loop	Mayview	Missouri	64071	jDittberner@indocities.com
Gail	V.	Benvenuto	3450 Bennet Court	London	Texas	76854	gBenvenuto@atlink.com
Jessica	E.	Fristoe	5159 Nichols Avenue	Tilden	Nebraska	68781	jFristoe@blazemail.com
Chi	P.	Cusick	187 Oliver Street	Richland	New Jersey	8350	cCusick@vcmail.com
Taryn	L.	Rimbey	7028 Glen Street	Princeton	Oregon	97721	tRimbey@joinme.com
Russell	J.	Vidal	3371 Knapp Street	Huntley	Minnesota	56047	rVidal@dragoncon.net
Monica	D.	Pilarski	3985 Madison Street	Cawood	Kentucky	40815	mPilarski@grapplers.com
Benjamin	I.	Drawhorn	1025 Doughty Street	Harveysburg	Ohio	45032	bDrawhorn@officedomain.com
Socorro	Q.	Byard	7289 Rockaway Avenue	Carlsbad	New Mexico	88221	sByard@anotherwin95.com
Bradford	R.	Winberg	7025 Midwood Street	Tranquility	New Jersey	7879	bWinberg@citeweb.net
Cathleen	G.	Marker	9835 Brighton 1st Place	Damascus	Pennsylvania	18415	cMarker@investormail.com
Chang	T.	Cancino	444 Bay 32nd Street	Las Vegas	Nevada	89159	cCancino@sacbeemail.com
Daisy	X.	Szady	591 Bayview Avenue	Adger	Alabama	35006	dSzady@looksmart.com.au
Mark	R.	Gail	7039 Fairview Place	Topeka	Kansas	66634	mGail@cheyenneweb.com
Christen	N.	Jayes	301 Commerce Street	North Little Rock	Arkansas	72114	cJayes@probemail.com
Florentino	G.	Mellett	7856 Huntington Street	Glen Flora	Wisconsin	54526	fMellett@cyber4all.com
Faye	M.	Pinelli	9952 Somers Street	Frostburg	Maryland	21532	fPinelli@depechemode.com
Emery	E.	Maltese	1335 Kane Street	Dry Branch	Georgia	31020	eMaltese@asianwired.net
Joanne	V.	Swistak	8420 Leonard Street	Kansas City	Missouri	64113	jSwistak@coldmail.com
Christian	E.	Toller	8024 Woodside Avenue	Watkinsville	Georgia	30677	cToller@freemail.c3.hu
Bettie	L.	Lipinski	647 Lefferts Place	Garner	Kentucky	41817	bLipinski@zuzzurello.com
Laurence	A.	Tymeson	3145 Bouck Court	Markesan	Wisconsin	53946	lTymeson@graffiti.net
Mallory	S.	Cai	4621 Grand Parents Avenue	Nenana	Alaska	99760	mCai@insidebaltimore.net
Agustin	L.	Burleigh	5849 Schweikerts Walk	Brooklyn	Maryland	21225	aBurleigh@korea.com
Latasha	Y.	Staubs	1837 Kingsborough 6th Walk	Saint Paul	Minnesota	55133	lStaubs@cornells.com
Giuseppe	P.	Fazio	6909 Doscher Street	Mapleton	North Dakota	58059	gFazio@looksmart.com
Melba	O.	Pegram	8984 Varkens Hook Road	Eucha	Oklahoma	74342	mPegram@celtic.com
Jaime	Y.	Femat	8539 Brighton 10th Street	Belcher	Louisiana	71004	jFemat@acmecity.com
Phyllis	Q.	Suter	486 Pine Street	Winona	Ohio	44493	pSuter@destin.com
Hosea	F.	Gallet	1528 Willoughby Avenue	Salt Lake City	Utah	84137	hGallet@theglobe.com
Berta	I.	Mohamad	8593 Agate Court	Swiftwater	Pennsylvania	18370	bMohamad@peopleweb.com
Angelo	E.	Byrnes	4932 Post Court	Greentop	Missouri	63546	aByrnes@alloymail.com
Rachelle	I.	Arista	1777 Withers Street	Rock Springs	Wyoming	82902	rArista@edtnmail.com
Fidel	J.	Goossens	5378 Applegate Court	Cherokee	North Carolina	28719	fGoossens@probemail.com
Joyce	G.	Lary	8958 Ryerson Street	San Diego	California	92120	jLary@gotmail.com
Jimmie	O.	Felde	4420 Skillman Street	Wayne	Nebraska	68787	jFelde@flashmail.com
Penny	K.	Boulware	645 Wythe Place	Waltham	Massachusetts	2454	pBoulware@telebot.net
Branden	D.	Bently	1248 Brighton 11th Street	Killona	Louisiana	70066	bBently@CPAonline.net
Tamika	M.	Galves	6387 Marginal Street	Edna	Kentucky	41419	tGalves@OaklandAs-fan.com
Mack	M.	Zeitler	5413 Vine Street	Mena	Arkansas	71953	mZeitler@charmedmail.com
Imogene	H.	Pando	4487 Newkirk Avenue	De Pere	Wisconsin	54115	iPando@topchat.com
Micheal	L.	Laframboise	1598 Bay 49th Street	Koeltztown	Missouri	65048	mLaframboise@aamail.net
Lolita	T.	Bornemann	1125 Waldorf Court	Keaton	Kentucky	41226	lBornemann@geeklife.com
Alton	N.	Vallee	8817 Kenmore Court	Flint	Michigan	48553	aVallee@aamail.net
Marlene	N.	Havis	4791 Holly Street	Akron	Ohio	44397	mHavis@kbjrmail.com
Burt	L.	Wasmus	3429 Monitor Street	Fort Mitchell	Virginia	23941	bWasmus@aaamail.zzn.com
Thelma	I.	Kluge	6311 Schenck Court	Greensboro	North Carolina	27498	tKluge@wkbwmail.com
Darrick	U.	Isgrigg	6888 Waldorf Court	Captain Cook	Hawaii	96704	dIsgrigg@xmastime.com
Maureen	J.	Cherep	7510 Warren Street	Warrenton	Virginia	20187	mCherep@richmondhill.com
Valentin	G.	Brundage	8613 New Jersey Avenue	Boca Raton	Florida	33487	vBrundage@yesbox.net
Robert	H.	Esera	5100 Gaylord Drive	Hummels Wharf	Pennsylvania	17831	rEsera@city2city.com
Luis	H.	Dones	8148 Amboy Street	Easton	Kansas	66020	lDones@broadcast.net
Maryellen	M.	Cramblit	1869 Dumont Avenue	Turnerville	Georgia	30580	mCramblit@astrosfan.net
Dario	B.	Shyu	2863 Lincoln Place	Hurricane Mills	Tennessee	37078	dShyu@singpost.com
Dayna	Y.	Marcel	7565 Waverly Avenue	Hanover	Illinois	61041	dMarcel@geeklife.com
Harris	X.	Rotenberg	4548 Lincoln Terrace	Fairplay	Kentucky	42735	hRotenberg@chickmail.com
Joyce	W.	Leisenring	7366 Furman Avenue	Maple View	New York	13107	jLeisenring@wingnutz.com
Rafael	B.	Spohr	5899 Myrtle Avenue	Florida City	Florida	33003	rSpohr@sportsmail.com
Frankie	K.	Letchworth	3161 Opal Court	Malone	Wisconsin	53049	fLetchworth@wtvhmail.com
Melvin	Y.	Bakr	8967 Poplar Street	Orchard Hill	Georgia	30266	mBakr@mochamail.com
Kirsten	P.	Patuto	4971 Kenilworth Place	Modena	Pennsylvania	19358	kPatuto@gonavy.net
Johnnie	I.	Palacio	7386 Box Street	Hartville	Ohio	44632	jPalacio@conok.com
Daisy	E.	Petosa	1457 Boardwalk	Montgomery	Alabama	36112	dPetosa@virtualactive.com
Cristopher	W.	Musgrave	4323 School Lane	Hazard	Nebraska	68844	cMusgrave@wrestlingpages.com
Candace	G.	Nienow	665 Mac Kenzie Street	Saginaw	Michigan	48604	cNienow@ignmail.com
Hassan	L.	Hickle	4209 Gain Court	Wallace	Nebraska	69169	hHickle@letterbox.com
Jaime	U.	Higle	1617 Glenmore Avenue	Reading	Pennsylvania	19601	jHigle@mailtag.com
Ramiro	R.	Cabrero	5781 Stillwell's Place	Austinville	Virginia	24312	rCabrero@321media.com
Marguerite	B.	Pake	7569 Mermaid Avenue	Hardin	Texas	77561	mPake@wingnutz.com
Shayne	X.	Pusser	8101 Webster Avenue	Elkton	Michigan	48731	sPusser@maktoob.com
Carmela	H.	Hejny	7103 Grand Avenue	Murrells Inlet	South Carolina	29576	cHejny@investormail.com
Demetrius	Y.	Barg	6451 Cornelia Street	Baltimore	Maryland	21240	dBarg@konx.com
Zelma	H.	Porcaro	1760 Avenue S	Wichita Falls	Texas	76308	zPorcaro@foodmail.com
Tory	L.	Suss	3146 Ridgecrest Terrace	Grayson	Georgia	30017	tSuss@bitmail.com
Erlinda	H.	Sprowl	9882 Clarkson Avenue	Kuna	Idaho	83634	eSprowl@fwnb.com
Reyes	U.	Swindell	3816 Bay 52nd Street	South Colton	New York	13687	rSwindell@edtnmail.com
Delois	X.	Brubach	2304 Adler Place	Millsboro	Delaware	19966	dBrubach@singpost.com
Cecil	R.	Wiegert	9551 Madoc Avenue	Collinsville	Connecticut	6022	cWiegert@berkscounty.com
Pattie	I.	Sensibaugh	1729 Smiths Lane	Scotts Mills	Oregon	97375	pSensibaugh@2bmail.co.uk
Spencer	L.	Stelly	5951 Bay 31st Street	Spicewood	Texas	78669	sStelly@uymail.com
Mae	U.	Heverin	279 Cove Lane	Elsie	Michigan	48831	mHeverin@loobie.com
Collin	M.	Gibeault	9805 Maple Avenue	Lamont	Oklahoma	74643	cGibeault@yourname.ddns.org
Jodi	G.	Hoese	4300 Porter Avenue	Monitor	Washington	98836	jHoese@mailboom.com
Tommy	A.	Matsuoka	7451 Bay 53rd Street	Mountain Home	Idaho	83647	tMatsuoka@mrpost.com
Cristina	I.	Bourgoin	7944 Kiely Place	Divernon	Illinois	62530	cBourgoin@nandomail.com
Merle	F.	Kunsman	1229 Louisa Street	Changewater	New Jersey	7831	mKunsman@MailandNews.com
Tracey	N.	Marinucci	9063 Russell Street	Bear	Delaware	19701	tMarinucci@jahoopa.com
Sid	S.	Oriordan	622 Bryant Street	Bellevue	Nebraska	68147	sOriordan@votenet.com
Nola	Y.	Schoenthal	3538 Ellery Street	Larned	Kansas	67550	nSchoenthal@blazemail.com
Theron	Y.	Jacquemin	6675 Bay 47th Street	Charlotte	Iowa	52731	tJacquemin@music.com
Ashleigh	D.	Troisi	3082 Brighton 3rd Walk	Sebago	Maine	4029	aTroisi@CyberCafeMaui.com
Adan	Q.	Lok	6517 Lewis Place	Batchelor	Louisiana	70715	aLok@ausi.com
Sharlene	A.	Bastone	6249 Beach 46th Street	Volcano	Hawaii	96885	sBastone@asianwired.net
Quincy	Q.	Chand	8429 Colonial Court	Mercedita	Puerto Rico	715	qChand@imaginemail.com
Chantel	A.	Uehara	7198 Spencer Place	Cerro Gordo	North Carolina	28430	cUehara@conk.com
Saul	L.	Pruneau	4587 Clinton Street	Richmond	Virginia	23237	sPruneau@destin.com
Lucille	C.	Viscome	2356 Aurelia Court	Cornell	Illinois	61319	lViscome@hotepmail.com
Titus	S.	Crookshanks	7713 Beard Street	Creston	West Virginia	26141	tCrookshanks@pcsrock.com
Julia	M.	Schrock	2434 Martense Street	Hawesville	Kentucky	42348	jSchrock@wwdg.com
Thurman	K.	Linger	2088 Essex Street	Rochelle	Virginia	22738	tLinger@geocities.com
Alberta	B.	Melendez	4455 Bay 14th Street	El Paso	Texas	79947	aMelendez@wyrm.supernews.com
Hoyt	I.	Thee	9778 Herbert Street	Garden Valley	California	95633	hThee@billsfan.net
Alejandra	V.	Starner	5503 Stryker Street	Westminster	Maryland	21158	aStarner@StarTrekMail.com
Byron	B.	Zeidler	4609 Beach 44th Street	Miami	Florida	33170	bZeidler@asiansonly.net
Retha	A.	Mischler	2473 Brighton Avenue	Hartland	Wisconsin	53029	rMischler@movieluver.com
Barton	X.	Casten	3317 Verona Street	Yarmouth	Iowa	52660	bCasten@la.com
Claudette	C.	Folse	1525 John Street	Beaumont	Texas	77701	cFolse@destin.com
Ike	N.	Mainor	9081 Shore Parkway	Greenview	Illinois	62642	iMainor@grabmail.com
Dixie	X.	Dowtin	9173 Dahill Road	Laughlintown	Pennsylvania	15655	dDowtin@gtemail.net
Gilbert	G.	Kocka	3963 Whitty Lane	Skokie	Illinois	60076	gKocka@rvshop.com
Magdalena	H.	Grimwood	9568 Blake Avenue	Oilton	Texas	78371	mGrimwood@uswestmail.net
Kurtis	I.	Wildey	7147 Bowne Street	Sherman	Illinois	62684	kWildey@careerbuildermail.com
Lina	W.	Sparacino	4426 Cropsey Avenue	Red Oak	Oklahoma	74563	lSparacino@aristotle.org
Art	O.	Beckett	3614 Dover Street	Meyers Chuck	Alaska	99903	aBeckett@kozmail.com
Jessica	B.	Breckinridge	7595 Emerson Place	Big Sandy	Tennessee	38221	jBreckinridge@jewishmail.com
Elmo	Y.	Bayardo	6224 Sloan Place	Crawfordville	Georgia	30631	eBayardo@pemail.net
Cornelia	K.	Costa	6442 Amherst Street	Ripton	Vermont	5766	cCosta@collegebeat.com
Gustavo	E.	Claeys	3589 Rodney Street	Hamilton	Ohio	45015	gClaeys@ecompare.com
Claudette	U.	Goger	8931 Campus Place	Bloomingburg	Ohio	43106	cGoger@cristianemail.com
Emilio	D.	Candanoza	734 Guider Avenue	Mcintosh	South Dakota	57641	eCandanoza@123india.com
Neva	H.	Hegedus	2584 Ovington Avenue	Union	South Carolina	29379	nHegedus@nandomail.com
Alec	E.	Crout	1325 Brighton 8th Place	Tanana	Alaska	99777	aCrout@members.student.com
Kris	G.	Piltz	2620 College Place	Clyde	North Carolina	28721	kPiltz@asean-mail.com
Joe	J.	Tremaine	1754 Rockaway Avenue	Dunnellon	Florida	34431	jTremaine@broadcast.net
Sondra	A.	Shipman	9326 Brighton 1st Court	Peoria	Illinois	61640	sShipman@ozbytes.net.au
Hans	L.	Kues	2430 Bay 35th Street	Pawtucket	Rhode Island	2862	hKues@netmanor.com
Shanda	P.	Cherrette	5996 Hazel Court	Gainesville	Florida	32612	sCherrette@check.com
Hassan	X.	Vilmont	6496 Shepherd Avenue	Watervliet	Michigan	49098	hVilmont@gamespotmail.com
Josephine	E.	Eplin	5342 Saratoga Avenue	Silverton	Idaho	83867	jEplin@webmail.bellsouth.net
Hiram	I.	Vida	529 Lincoln Road	Greenlawn	New York	11740	hVida@iowaemail.com
Freida	W.	Boland	9891 Dewey Place	New Point	Virginia	23125	fBoland@bitmail.com
Wade	N.	Tubman	1630 McDonald Avenue	Sacramento	California	94247	wTubman@bla-bla.com
Jaqueline	G.	Keehne	539 Langham Street	Denver	Indiana	46926	jKeehne@vjmail.com
Dorian	G.	Galdamez	1772 Beach 50th Street	Tannersville	Pennsylvania	18372	dGaldamez@coldmail.com
Ruth	S.	Browne	9137 Brevoort Place	Bradley	Arkansas	71826	rBrowne@norikomail.com
Mitchell	I.	Langridge	309 Story Court	Horner	West Virginia	26372	mLangridge@ID-base.com
Muriel	A.	Valis	8048 Delmonico Place	Stanton	Nebraska	68779	mValis@go.com
Moises	M.	Shoemake	5643 Clove Road	Gualala	California	95445	mShoemake@gonavy.net
Alexis	T.	Seney	5712 Rugby Road	Reydon	Oklahoma	73660	aSeney@wowmail.com
Richard	W.	Gahl	1631 Noel Avenue	Pineville	Missouri	64856	rGahl@yourname.ddns.org
Marilynn	K.	Herzfeld	3519 Banker Street	Sanger	California	93657	mHerzfeld@bigfoot.com
Ashley	F.	Melville	5667 Kingsway Place	Marianna	Florida	32447	aMelville@i-connect.com
Aida	S.	Rempe	408 Bainbridge Street	Huntsville	Alabama	35809	aRempe@virtualactive.com
Morris	Y.	Gerling	5241 Troy Avenue	Rothbury	Michigan	49452	mGerling@bombdiggity.com
Delia	P.	Hoffa	3404 Jackson Court	Sutherland	Iowa	51058	dHoffa@toolsource.com
Guy	Q.	Rebello	966 Pilling Street	Keyport	New Jersey	7735	gRebello@speedemail.net
Rebeca	B.	Voorhes	4772 Tapscott Street	Lexington	Kentucky	40585	rVoorhes@gotmail.com
Benny	K.	Sordahl	4025 Shore Road	Walker Springs	Alabama	36586	bSordahl@dog.com
Reba	Y.	Kitterman	6485 Baughman Place	Ft Mitchell	Kentucky	41017	rKitterman@yehaa.com
Faustino	V.	Postma	7691 Starr Street	Louise	Texas	77455	fPostma@edtnmail.com
Chelsea	E.	Geiken	1303 Beach 50th Street	Finchville	Kentucky	40022	cGeiken@la.com
Tobias	O.	Felmet	2344 Brighton 4th Walk	Goodfellow Afb	Texas	76908	tFelmet@net-pager.net
Shana	W.	Lalande	3626 Malcolm X Boulevard	Obernburg	New York	12767	sLalande@netradiomail.com
Linwood	G.	Murchie	3737 Mill Avenue	Hinckley	Utah	84635	lMurchie@mini-mail.com
Jessica	N.	Fregia	5062 Dinsmore Place	Charlotte	North Carolina	28244	jFregia@nexxmail.com
Valentine	M.	Hodgkins	2016 Russell Street	Florence	Arizona	85232	vHodgkins@crosswinds.net
Erica	E.	Pursley	380 Rewe Street	Springfield	Illinois	62718	ePursley@iowaemail.com
Samual	Y.	Kifer	5786 Homecrest Court	Slade	Kentucky	40376	sKifer@jewishmail.com
Mary	S.	Hughs	6331 Avenue L	Hanover	Pennsylvania	17333	mHughs@yoursubdomain.findhere.com
Salvador	X.	Doward	4038 Avenue N	Ceres	New York	14721	sDoward@felicity.com
Eleanore	A.	Jett	493 Ocean Avenue	Anchorage	Alaska	99511	eJett@singpost.com
Enoch	K.	Penas	2312 Flatlands 5th Street	Ottine	Texas	78658	ePenas@3dmail.com
Debra	R.	Bainard	1782 Patchen Avenue	Conehatta	Mississippi	39057	dBainard@jaydemail.com
Mel	L.	Dolbin	2400 Bush Street	Inglewood	California	90307	mDolbin@freeyellow.com
Katina	H.	Urda	848 Bokee Court	Crystal City	Missouri	63019	kUrda@investormail.com
Domenic	E.	Hodder	9191 Georgia Avenue	Los Angeles	California	90099	dHodder@usmc.net
Jewell	C.	Judon	2522 Bokee Court	Luke Afb	Arizona	85309	jJudon@fresnomail.com
Jarrett	D.	Edminster	8936 Townsend Street	Boise	Idaho	83701	jEdminster@isleuthmail.com
Heidi	R.	Guagliano	7207 Elton Street	Cordova	North Carolina	28330	hGuagliano@kube93mail.com
Omer	S.	Fithian	7747 Christopher Avenue	Crivitz	Wisconsin	54114	oFithian@nexxmail.com
Lyn	D.	Schmeeckle	8996 Colonial Road	Centerville	Iowa	52544	lSchmeeckle@teleserve.dynip.com
Donnie	M.	Haugland	9985 Sullivan Street	Karbers Ridge	Illinois	62955	dHaugland@ilovejesus.com
Joann	A.	Rieffenberger	9613 Greene Avenue	Belle Haven	Virginia	23306	jRieffenberger@ecompare.com
Mac	F.	Korth	5585 Bijou Avenue	Trevett	Maine	4571	mKorth@naz.com
Melva	O.	Teresi	6036 Boerum Place	Toms River	New Jersey	8757	mTeresi@bboy.zzn.com
Ferdinand	M.	Fothergill	3357 Lake Avenue	Winters	California	95694	fFothergill@easypost.com
Socorro	V.	Garfield	5115 Ainslie Street	Lumberville	Pennsylvania	18933	sGarfield@visitweb.com
Brendon	I.	Kesler	5694 Little Nassau Street	Port Republic	New Jersey	8241	bKesler@telerymd.com
Edythe	L.	Schwartzbach	1641 Seaview Court	Sewell	New Jersey	8080	eSchwartzbach@nhmail.com
Kareem	C.	Dudash	1158 Claver Place	Fillmore	Utah	84631	kDudash@go.com
Larissa	K.	Byon	8940 Manor Court	Auburn	Maine	4210	lByon@joymail.com
Israel	R.	Nasser	102 Warren Place	Broadway	Virginia	22815	iNasser@mailwire.com
Marquita	K.	Wheetley	9504 Windsor Place	Cobbs Creek	Virginia	23035	mWheetley@naui.net
Milton	O.	Darrisaw	6694 Sutton Street	Lexington	Kentucky	40582	mDarrisaw@giantsfan.com
Birdie	C.	Andelman	1354 Atkins Avenue	Pikeville	Kentucky	41501	bAndelman@zeeks.com
Nestor	S.	Carpinteyro	1396 Euclid Avenue	Montalba	Texas	75853	nCarpinteyro@happypuppy.com
Penny	G.	Eldert	8584 Bartlett Street	Santa Rosa	California	95402	pEldert@portableoffice.com
Elroy	J.	Petras	5716 Paerdegat 2nd Street	East Andover	New Hampshire	3231	ePetras@gocollege.com
Tori	R.	Running	2476 Bush Street	Decatur	Georgia	30030	tRunning@polbox.com
Joshua	N.	Jacquez	1799 Moffat Street	Bloomington	Indiana	47404	jJacquez@mail.entrepeneurmag.com
Alecia	M.	Marinucci	1049 Brighton 1st Road	Anmoore	West Virginia	26323	aMarinucci@mailcc.com
Mauro	O.	Tomaino	6568 Underhill Avenue	Tampa	Florida	33613	mTomaino@edmail.com
Emilie	P.	Plue	4805 Calder Place	Eatontown	New Jersey	7799	ePlue@australia.edu
Chris	N.	Ringel	8858 Ten Eyck Street	Dover	Illinois	61323	cRingel@mail.byte.it
Joanna	O.	Waisner	7296 Whitney Place	Westbury	New York	11597	jWaisner@wptamail.com
Kirk	J.	Blye	8434 Brighton 4th Road	Tanacross	Alaska	99776	kBlye@dragoncon.net
Eddie	B.	Odore	4528 Lake Street	Fitchburg	Massachusetts	1420	eOdore@jerusalemmail.com
Brendon	F.	Galiano	6940 Marshall Street	The Villages	Florida	32162	bGaliano@kansascity.com
Theresa	D.	Malanga	7667 Royce Place	Belmont	Vermont	5730	tMalanga@yogotemail.com
Steven	W.	Barnwell	3921 Dekoven Court	Harwick	Pennsylvania	15049	sBarnwell@wptamail.com
Aubrey	R.	Mowles	8738 Smith Street	Columbia City	Indiana	46725	aMowles@go2.com.py
Jeffery	C.	Saitta	1673 Highland Place	Defiance	Missouri	63341	jSaitta@gaybrighton.co.uk
Marisol	H.	Foushee	9617 Montague Terrace	Demopolis	Alabama	36732	mFoushee@crosshairs.com
Theodore	U.	Paez	260 Duryea Court	Bend	Oregon	97709	tPaez@wickedmail.com
Mari	P.	Draleau	1397 Paerdegat 5th Street	Sanford	Colorado	81151	mDraleau@bla-bla.com
Mohamed	P.	Strachan	5178 Palm Court	Bronx	New York	10460	mStrachan@totalmusic.net
Pat	W.	Harmen	240 Batchelder Street	Jewell	Kansas	66949	pHarmen@berkscounty.com
Reuben	E.	Coutch	9993 Corbin Place	Lehigh Acres	Florida	33971	rCoutch@imaginemail.com
Iris	D.	Howson	2380 O'Brien Place	Freedom	California	95019	iHowson@1033edge.com
Sterling	X.	Leibowitz	9072 National Drive	Mill Creek	California	96061	sLeibowitz@zdnetmail.com
Tamra	S.	Faro	672 Bassett Avenue	Frenchtown	Montana	59834	tFaro@apmail.com
Daron	V.	Plue	6048 Wogan Terrace	Little Rock	Mississippi	39337	dPlue@info-media.de
Bettie	D.	Loose	851 White Street	Dickens	Texas	79229	bLoose@nimail.com
Chris	D.	Cardone	1652 Milford Street	Linwood	Michigan	48634	cCardone@chinalook.com
Shelly	U.	Mertel	2712 Georgia Avenue	Baton Rouge	Louisiana	70819	sMertel@bigfoot.com
Landon	N.	Elazegui	1492 Gates Avenue	Milford	Kentucky	41061	lElazegui@ParsMail.com
Sondra	I.	Prouty	4785 Lloyd Street	Pickens	West Virginia	26230	sProuty@fwnb.com
Rueben	L.	Bona	2557 Palm Court	Weaver	Alabama	36277	rBona@jewishmail.com
Helena	X.	Rayna	6271 Branton Street	Springdale	Arkansas	72766	hRayna@internet-club.com
Jewel	K.	Fleek	2108 Kingsborough 1st Walk	Fort Wayne	Indiana	46866	jFleek@advalvas.be
Meghan	C.	Schalow	5908 Stockton Street	Union Springs	Alabama	36089	mSchalow@advalvas.be
Antonio	J.	Peppers	4215 Irving Street	South Bend	Indiana	46637	aPeppers@mauritius.com
Corina	W.	Twist	2575 Trucklemans Lane	Enola	Pennsylvania	17025	cTwist@kube93mail.com
Jasper	X.	Paco	3119 Wilson Street	Fort Worth	Texas	76104	jPaco@newmail.net
Hester	L.	Chesnutt	7178 Scholes Street	Binghamton	New York	13905	hChesnutt@ancestry.com
Sheldon	V.	Taul	292 Bouck Court	Duluth	Georgia	30029	sTaul@gnwmail.com
Dee	S.	Kash	9526 Forest Place	Tupelo	Arkansas	72169	dKash@888.nu
Pasquale	Y.	Muscat	5824 Whitty Lane	Colliers	West Virginia	26035	pMuscat@popmail.com
Beulah	L.	Silbernagel	1363 Elliott Walk	Outlook	Montana	59252	bSilbernagel@edtnmail.com
Zackary	D.	Highshaw	3769 Dupont Street	Breda	Iowa	51436	zHighshaw@yoursubdomain.findhere.com
James	T.	Breda	2945 Force Tube Avenue	Moss Beach	California	94038	jBreda@gamespotmail.com
Gregory	I.	Giarrusso	9757 Judge Street	Lake Worth	Florida	33467	gGiarrusso@naplesnews.net
Fern	P.	Hindley	2994 Garden Street	Foxburg	Pennsylvania	16036	fHindley@happypuppy.com
Erich	F.	Yaeger	9527 Clinton Avenue	Florence	Alabama	35632	eYaeger@interburp.com
Tami	G.	Heersink	6762 Narrows Avenue	Huntington Beach	California	92649	tHeersink@anti-social.com
George	W.	Hylton	4423 Cozine Avenue	Anchorage	Alaska	99513	gHylton@email.women.com
Heather	L.	Cheatwood	9542 Aberdeen Street	Bethesda	Maryland	20827	hCheatwood@yourname.ddns.org
Luciano	F.	Houlihan	4767 Louise Terrace	Laurens	Iowa	50554	lHoulihan@hello.net.au
Danielle	E.	Gue	5256 Malcolm X Boulevard	Jamestown	Pennsylvania	16134	dGue@netby.dk
Oswaldo	E.	Streczywilk	585 Stanwix Street	Gaithersburg	Maryland	20877	oStreczywilk@info66.com
Leanna	O.	Gorum	2104 Grimes Road	Sandy	Oregon	97055	lGorum@CPAonline.net
Shane	L.	Blenden	2433 Lincoln Terrace	Smithfield	Rhode Island	2917	sBlenden@uymail.com
Juanita	V.	Birkenmeier	3258 Bay Parkway	Long Island City	New York	11109	jBirkenmeier@pemail.net
Shannon	N.	Argubright	2481 Coleridge Street	Camden	New Jersey	8101	sArgubright@abcflash.net
Frieda	B.	Toten	3552 Sea Breeze Avenue	Bittinger	Maryland	21522	fToten@yogotemail.com
Jerrod	T.	Topez	1335 Brooklyn Road	Lady Lake	Florida	32159	jTopez@peachworld.com
Christi	V.	Pelchat	966 Everett Avenue	Poynor	Texas	75782	cPelchat@gigileung.org
Ariel	O.	Seelye	4948 Flatlands 2nd Street	Groton	Massachusetts	1471	aSeelye@start.com.au
Lara	G.	Zolnoske	2756 Midwood Street	Detroit	Texas	75436	lZolnoske@abcflash.net
Ramon	B.	Speer	5481 Shepherd Avenue	Arkadelphia	Arkansas	71998	rSpeer@hanmail.net
Helene	Y.	Vanclief	2256 Irving Street	Willow City	North Dakota	58384	hVanclief@homeworkcentral.com
Josue	J.	Muscato	9826 Luquer Street	Deland	Florida	32724	jMuscato@england.com
Isabella	B.	Tave	574 Pearson Street	Norway	Iowa	52318	iTave@disinfo.net
Roger	I.	Kemble	4813 Greene Avenue	Minneola	Kansas	67865	rKemble@5star.com
Karrie	L.	Whapham	2559 Albemarle Terrace	San Jose	California	95158	kWhapham@vahoo.com
Tyler	F.	Higginbothan	6900 Hamilton Walk	Holyoke	Massachusetts	1041	tHigginbothan@yahoo.com
Miranda	M.	Vanscoy	6632 Roder Avenue	Duluth	Minnesota	55806	mVanscoy@mikrotamanet.com
Salvatore	N.	Dubiel	4041 Kiely Place	Valley Park	Mississippi	39177	sDubiel@letsgomets.net
Mary	M.	Sauders	7746 Woodpoint Road	Ohiopyle	Pennsylvania	15470	mSauders@myworldmail.com
Guy	W.	Usher	5342 Quay Street	Camp Hill	Pennsylvania	17011	gUsher@kozmail.com
Adelaide	R.	Cloward	1896 Manhattan Avenue	Bremen	Kansas	66412	aCloward@rediffmail.com
Quincy	U.	Luepke	650 Brighton 3 Place	Hickory	Kentucky	42051	qLuepke@tfz.net
Nanette	J.	Barson	3190 Sherman Street	Verona	Pennsylvania	15147	nBarson@loobie.com
Eliseo	Y.	Vollenweider	7244 Bridge Street	Oklahoma City	Oklahoma	73130	eVollenweider@schoolsucks.com
Gabriela	Y.	Zietz	971 Owls Head Court	Loysville	Pennsylvania	17047	gZietz@crosshairs.com
Oscar	J.	Nylen	1448 Lawton Street	Smyer	Texas	79367	oNylen@letterbox.com
Joyce	C.	Writer	2535 Rochester Avenue	Winton	Minnesota	55796	jWriter@juno.com
Derick	W.	Chisley	6600 Old Mill Road	Conran	Missouri	63838	dChisley@kbjrmail.com
Abigail	M.	Murakawa	2864 Margaret Court	Brightwood	Oregon	97011	aMurakawa@beer.com
Emmitt	E.	Pink	1225 Milton Street	Arlington	Virginia	22203	ePink@keyemail.com
Melanie	V.	Cappellano	4522 Madoc Avenue	Kirkville	Iowa	52566	mCappellano@mail.pharmacy.com
Shelton	Q.	Longden	7540 Wakeman Place	Fruitdale	South Dakota	57742	sLongden@mygo.com
Odessa	X.	Wetherington	2927 Weldon Street	Chester	New Jersey	7930	oWetherington@swipermail.zzn.com
Columbus	Y.	Perrino	180 Kingsborough 7th Walk	Vidalia	Louisiana	71373	cPerrino@mythirdage.com
Glenna	G.	Macartney	7159 Roosevelt Place	Du Bois	Nebraska	68345	gMacartney@email.women.com
Nestor	M.	Florentine	7025 St Johns Place	Forest Park	Georgia	30298	nFlorentine@mycool.com
Gail	V.	Brehaut	3525 Dank Court	Springfield	Illinois	62702	gBrehaut@businessweekmail.com
Newton	I.	Dwelle	4349 McGuinness Boulevard	Maineville	Ohio	45039	nDwelle@insidebaltimore.net
Lesa	E.	Burkhead	7932 Conover Street	Midway	Pennsylvania	15060	lBurkhead@m4.org
Simon	E.	Peterka	2599 Dumont Avenue	Upper Darby	Pennsylvania	19082	sPeterka@finfin.com
Terry	Q.	Reiner	9803 Skidmore Place	Grayson	Georgia	30017	tReiner@our.st
Hector	G.	Witkus	1479 Morton Street	Cherryville	Missouri	65446	hWitkus@pousa.com
Bridget	H.	Mcdannell	2398 Bay 46th Street	South China	Maine	4358	bMcdannell@freestamp.com
Micah	H.	Dahline	1257 Midwood Street	Sumter	South Carolina	29154	mDahline@maktoob.com
Beatrice	I.	Bergsma	3989 Newport Street	Warren	Idaho	83671	bBergsma@jerusalemmail.com
Genaro	X.	Rumbaugh	6917 Nova Court	Haralson	Georgia	30229	gRumbaugh@nfmail.com
Charla	C.	Krueger	2909 Bayview Avenue	Burdette	Arkansas	72321	cKrueger@prontomail.com
Jonathon	I.	Mearse	7814 Shale Street	Stillwater	Maine	4489	jMearse@hello.net.au
Gabriela	S.	Avril	249 Charles Place	Havelock	Iowa	50546	gAvril@toolsource.com
Roscoe	L.	Kenley	6562 John Street	Graham	Missouri	64455	rKenley@our.st
Cathryn	W.	Vangalder	8010 Joralemon Street	Woden	Texas	75978	cVangalder@geeklife.com
Garry	G.	Myerson	2418 Fiske Place	Falmouth	Kentucky	41040	gMyerson@chinalook.com
India	Q.	Ybarro	4642 Brighton 1st Court	Washington	District Of Columbia	20506	iYbarro@mailcity.com
Alfredo	C.	Perrett	998 Division Avenue	Sauquoit	New York	13456	aPerrett@finfin.com
Lorie	X.	Luczak	6400 Kings Place	Springfield	Massachusetts	1105	lLuczak@anotherwin95.com
Jerrell	J.	Pelissier	6147 Perry Place	Proctor	West Virginia	26055	jPelissier@hkg.net
Cora	Y.	Modin	7054 Williams Court	Bushton	Kansas	67427	cModin@virtualactive.com
Tony	H.	Oberle	3420 Veranda Place	Lynnwood	Washington	98046	tOberle@usma.net
Rosemarie	H.	Lan	1905 Kingsborough 1st Walk	Cynthiana	Ohio	45624	rLan@colleges.com
Adolph	B.	Vittorini	7922 St Jude Place	Spring Arbor	Michigan	49283	aVittorini@wingnutz.com
Mina	F.	Stockham	7628 Stuyvesant Avenue	Guernsey	Iowa	52221	mStockham@mrpost.com
Cary	B.	Ulwelling	6749 Ryder Street	Abilene	Kansas	67410	cUlwelling@peachworld.com
Josephine	E.	Malaspina	6074 Woods Place	Cache	Illinois	62913	jMalaspina@buyersusa.com
Donnie	O.	Pertee	1044 Hazel Court	Ludlow	California	92338	dPertee@asiapoint.net
Patricia	Q.	Colcord	5430 Hunts Lane	Sanford	North Carolina	27330	pColcord@earthonline.net
Emmett	O.	Lunghofer	512 Harrison Place	Westpoint	Tennessee	38486	eLunghofer@linktrader.com
Jana	A.	Akemon	2235 Covert Street	Colrain	Massachusetts	1340	jAkemon@mail.kmsp.com
Harlan	R.	Heninger	6352 Harden Street	Helmville	Montana	59843	hHeninger@safarimail.com
Clarissa	Q.	Luff	980 Hunterfly Place	Worthington	Indiana	47471	cLuff@planet-mail.com
Patricia	Y.	Voeks	4397 Farragut Place	Elkins Park	Pennsylvania	19027	pVoeks@visualcities.com
Adela	S.	Lastufka	6729 Marconi Place	Huxley	Iowa	50124	aLastufka@garbage.com
Deshawn	R.	Hanington	7077 Seaview Avenue	Mountville	South Carolina	29370	dHanington@portableoffice.com
Lakesha	L.	Faunce	4501 Margaret Court	Raleigh	North Carolina	27697	lFaunce@foodmail.com
Karl	B.	Sias	2156 Brighton 8th Place	Zavalla	Texas	75980	kSias@freestamp.com
Nettie	U.	Gallicchio	647 Regent Place	North Amherst	Massachusetts	1059	nGallicchio@hkg.net
Edwardo	M.	Camferdam	4030 Portland Avenue	Los Angeles	California	90016	eCamferdam@claramail.com
Fran	O.	Born	4879 Hazel Court	Tucson	Arizona	85704	fBorn@money.net
Carl	E.	Ngov	1675 Fillmore Avenue	Hillsborough	North Carolina	27278	cNgov@cornells.com
Cecile	C.	Hussain	7459 Plumb 3rd Street	East Marion	New York	11939	cHussain@indocities.com
Jess	O.	Triolo	1472 Ide Court	Pruden	Tennessee	37851	jTriolo@hello.net.au
Bobbie	Y.	Emlay	4770 Nelson Street	Woodland Hills	California	91364	bEmlay@alloymail.com
Demarcus	W.	Eberly	7910 Calyer Street	Bovina Center	New York	13740	dEberly@visualcities.com
Daniela	F.	Gunsolley	5938 Waterbury Street	Hamilton	Ohio	45011	dGunsolley@netzero.net
Randall	J.	Shankle	9410 Elmwood Avenue	Canyon Creek	Montana	59633	rShankle@weekmail.com
Pilar	O.	Flanagin	5222 Bevy Court	Houston	Texas	77257	pFlanagin@easypost.com
Val	Q.	Culbreath	7811 Brighton 5th Street	Cambria Heights	New York	11411	vCulbreath@beer.com
Stacy	F.	Wooley	9649 Herkimer Court	Lemitar	New Mexico	87823	sWooley@jaydemail.com
Toby	P.	Fauske	6014 Henderson Walk	West Palm Beach	Florida	33422	tFauske@mail.spaceports.com
Willa	A.	Soo	9463 Alabama Avenue	Benge	Washington	99105	wSoo@popmail.com
Wilmer	H.	Bauerle	6321 Bancroft Place	Baltimore	Maryland	21235	wBauerle@ethos.st
Krystle	A.	Kellman	8681 Boerum Place	Bellemont	Arizona	86015	kKellman@crosswinds.net
Shawn	J.	Gehman	6807 Wharton Place	Ridgway	Illinois	62979	sGehman@host-it.com.sg
Christen	S.	Lothspeich	2384 Neptune Avenue	Raven	Virginia	24639	cLothspeich@5star.com
Doug	I.	Mahl	6287 Lincoln Avenue	Washingtonville	New York	10992	dMahl@fastermail.com
Eileen	Y.	Studzinski	898 Atkins Avenue	Daly City	California	94015	eStudzinski@gamespotmail.com
Weldon	J.	Tamlin	6381 Beard Street	West Union	Iowa	52175	wTamlin@catsrule.garfield.com
Abigail	Y.	Orlando	7729 Beach 49th Street	Portland	Oregon	97216	aOrlando@wonder-net.com
Ismael	H.	Ockimey	3993 Richardson Street	Greenville	Iowa	51343	iOckimey@jaydemail.com
Henrietta	U.	Lieu	7447 Lott Avenue	Upper Fairmount	Maryland	21867	hLieu@nchoicemail.com
Miquel	V.	Pancholi	1576 Front Street	Alpena	Michigan	49707	mPancholi@zensearch.net
Verda	C.	Kincannon	2078 Brighton 12th Street	Greenview	Illinois	62642	vKincannon@wongfaye.com
Saul	S.	Gersten	5251 Brighton 4th Walk	Seattle	Washington	98134	sGersten@grapplers.com
Hilda	C.	Orlandi	3916 Monitor Street	Linton	North Dakota	58552	hOrlandi@medscape.com
Britt	F.	Spielmann	9836 Avenue X	Tuxedo	North Carolina	28784	bSpielmann@ratt-n-roll.com
Nilda	M.	Housten	8239 Sumner Place	Manton	Michigan	49663	nHousten@mail1st.com
Sonny	H.	Cotillo	2569 Durland Place	Beaver	Alaska	99724	sCotillo@iowaemail.com
Lenore	Q.	Cristobal	3738 Highland Boulevard	Indianapolis	Indiana	46290	lCristobal@apexmail.com
Robin	M.	Farfalla	1737 Whitman Drive	Wilmington	Delaware	19889	rFarfalla@ParsMail.com
Fran	T.	Holub	6160 Bay 25th Street	Hartford	Connecticut	6150	fHolub@juniormail.com